ID,難易度,問題⒜,解答⒜,問題⒝,解答⒝,意味
G0001,1,緇衣,"しい
しえ",緇い,くろ,"1.黒色の衣服。
2.墨染めの僧衣。また、僧侶(ソウリョ)。〈漢字ペディア〉"
G0002,1,抉剔,けってき,剔る,えぐ,えぐりだすこと。隠れているものをほじくりだすこと。≒抉出〈漢字ペディア〉
G0003,1,扣門,こうもん,扣く,たた,門をたたく。敲門。〈漢辞海〉
G0004,1,倦憊,けんぱい,憊れる,つか,あきて疲れること。≒倦疲〈漢字ペディア〉
G0005,1,慙恚,ざんい,恚る,いか,はじて怒ること。≒慙憤〈漢字ペディア〉
G0006,1,諧謔,かいぎゃく,謔れる,たわむ,ちょっとした冗談。おどけ。しゃれ。ユーモア。おどけた話や言葉。≒詼諧〈漢字ペディア〉
G0007,1,嗤笑,ししょう,嗤う,わら,あざけりわらうこと。あざわらい。≒嘲笑〈漢字ペディア〉
G0008,1,截然,せつぜん,截る,き,"1.区別がはっきりしているさま。
2.切り立っているさま。〈漢字ペディア〉"
G0009,1,夥多,かた,夥しい,おびただ,非常に多いこと。おびただしいこと。〈漢字ペディア〉
G0010,1,陋巷,ろうこう,陋い,せま,せま苦しく、きたない街。〈漢字ペディア〉
G0011,1,忸怩,じくじ,忸じる,は,自分の行いをはずかしく思うようす。〈漢字ペディア〉
G0012,1,長嘶,ちょうせい,嘶く,いなな,馬などが声を引いていななく。〈漢辞海〉
G0013,1,燻蒸,くんじょう,燻す,いぶ,"1.いぶし、蒸すこと。
2.害虫などを殺すため、薬剤などでいぶすこと。〈漢字ペディア〉"
G0014,1,芟除,"さんじょ
せんじょ",芟る,か,雑草などを取り除くこと。〈漢字ペディア〉
G0015,1,吶喊,とっかん,喊ぶ,さけ,"1.大勢が大声で叫ぶこと。鬨(とき)の声をあげること。
2.大声を発しながら、敵陣に突撃すること。≒突貫〈漢字ペディア〉"
G0016,1,刪修,さんしゅう,刪る,けず,不要な語句をけずって文章を整えること。≒刪正、刪定〈漢字ペディア〉
G0017,1,儁傑,しゅんけつ,儁れる,すぐ,才徳が衆人よりすぐれていること。また、そのさまやその人。衆に秀でた人。英傑。俊彦。≒俊傑〈日本国語大辞典〉
G0018,1,剪定,せんてい,剪る,き,果樹などの発育や結実を助けたり庭木の形を整えるために、余分な枝を切ること。≒翦定〈漢字ペディア〉
G0019,1,象嵌,"ぞうがん
ぞうかん",嵌める,"は
ちりば",≒象眼〈漢字ペディア〉
G0020,1,篡逆,さんぎゃく,篡う,うば,主君を廃してその位を奪い取ること。謀叛を起こすこと。≒簒虐〈日本国語大辞典〉
G0021,1,勁草,けいそう,勁い,つよ,茎がしっかりしていて、強風にも折れない草。また、節操や意志の固い人のたとえ。〈漢字ペディア〉
G0022,1,目睹,もくと,睹る,み,目で実際に見ること。目撃。〈大辞泉〉
G0023,1,蠢動,しゅんどう,蠢く,うごめ,"≒蠢爾
1.虫がうごめくこと。≒蠢蠢
2.つまらないものが騒ぎ動くこと。〈漢字ペディア〉"
G0024,1,陞叙,しょうじょ,陞る,のぼ,≒昇叙〈漢字ペディア〉
G0025,1,菲徳,ひとく,菲い,うす,薄い徳。人間としての価値ある行いが薄いこと。≒寡徳〈漢字ペディア〉
G0026,1,均霑,きんてん,霑う,うるお,利益や恩恵をみんながひとしく受けること。恩恵が均等にいきわたること。≒均沾〈漢字ペディア〉
G0027,1,浚渫,しゅんせつ,浚う,さら,水底の泥をさらって深くすること。〈漢字ペディア〉
G0028,1,憑依,ひょうい,憑く,つ,"1.霊がのりうつること。
2.よりすがること。たのみにすること。≒馮依〈漢字ペディア〉"
G0029,1,饌米,せんまい,饌える,そな,神に供える米。供物とする洗米。供米。〈日本国語大辞典〉
G0030,1,糜爛,びらん,糜れる,ただ,"1.ただれ崩れること。
2.世の中の乱れ、人民の疲弊のはなはだしいたとえ。〈漢字ペディア〉"
G0031,1,斫断,しゃくだん,斫る,き,たちきること。≒切断〈漢字ペディア〉
G0032,1,邀撃,ようげき,邀える,むか,攻めて来る敵を、むかえ討つこと。≒迎撃〈漢字ペディア〉
G0033,1,薨去,こうきょ,薨る,みまか,昔、皇族や三位(サンミ)以上の人が死ぬこと。≒薨逝〈漢字ペディア〉
G0034,1,衛戍,えいじゅ,戍る,まも,軍隊が長い間同じ地にとどまって警備にあたること。〈漢字ペディア〉
G0035,1,攫取,かくしゅ,攫む,つか,つかみとること。手に入れること。≒獲取〈漢字ペディア〉
G0036,1,戡定,かんてい,戡つ,か,戦いに勝って、敵を平定すること。〈漢字ペディア〉
G0037,1,懿徳,いとく,懿しい,うるわ,非常にすぐれた徳。特に、女性のすぐれた品性・人格。〈漢字ペディア〉
G0038,1,佩剣,はいけん,佩びる,お,刀剣を腰につけること。また、その刀剣。帯剣。〈大辞泉〉
G0039,1,耘耕,うんこう,耘る,くさぎ,土をおこして雑草をとったり、耕したりする。農作物の手入れをすること。≒耕耘〈漢字源〉
G0040,1,呵譴,かけん,譴める,"せ
とが",きびしくしかる。とがめしかる。荷責。≒呵責、呵叱<漢辞海>
G0041,1,遒勁,しゅうけい,遒い,"つよ
ちからづよ",絵画や文章を書くときの筆の運びが力強いこと。〈漢字ペディア〉
G0042,1,竦然,しょうぜん,竦れる,おそ,恐れてこわがるさま。≒慄然〈漢字ペディア〉
G0043,1,秉燭,へいしょく,秉る,と,灯(ともしび)を手に持つこと。転じて、灯をともすころ。宵(よい)。夕方。〈漢字ペディア〉
G0044,1,貽訓,いくん,貽す,のこ,"祖先が子孫のためにのこした教え。≒遺訓、詒訓〈漢字源〉
先祖が子孫に残した教訓≒貽謀〈漢辞海〉"
G0045,1,黜陟,ちゅっちょく,黜ける,しりぞ,功績のない者をしりぞけて、功績のある者を昇官させること。〈漢字ペディア〉
G0046,1,聚斂,しゅうれん,聚める,あつ,"1.一か所にあつめてそれを取りこむこと。
2.支配者が租税を厳しく取り立てること。〈漢字ペディア〉"
G0047,1,杳渺,ようびょう,杳か,はる,奥深くかすかなさま。はるかに遠いさま。〈漢字ペディア〉
G0048,1,鑿井,さくせい,鑿つ,うが,"1.井戸を掘ること。
2.石油や温泉などを得るため、地中に深い穴を掘ること。ボーリング。"
G0049,1,覘望,てんぼう,覘く,のぞ,遠くからようすをうかがうこと。〈漢字ペディア〉
G0050,1,虧盈,きえい,虧ける,か,欠けることと満ちること。満ち欠け。≒盈虚〈漢字ペディア〉
G0051,1,覬覦,きゆ,覬む,のぞ,身分不相応のことをのぞみねがうこと。また、そのようなのぞみやもくろみ。〈漢字ペディア〉
G0052,1,瑩徹,えいてつ,瑩らか,あき,明るく透きとおっていること。澄みわたっていること。〈漢字ペディア〉
G0053,1,笞撻,ちたつ,笞つ,むちう,むちで打つこと。≒鞭撻〈漢字ペディア〉
G0054,1,嬋姸,せんけん,姸しい,うつく,あでやかで美しいさま。なよなよとして美しいさま。≒嬋娟〈漢字ペディア〉
G0055,1,勍敵,けいてき,勍い,つよ,"強い敵。強敵。≒勁敵〈日本国語大辞典〉
強敵。〈漢字源〉
強きかたき。〈字源〉"
G0056,1,燮理,しょうり,燮げる,やわら,"1.やわらげおさめること。調和させて整えること。
2.宰相が国を治めること。〈漢字ペディア〉"
G0057,1,仄日,そくじつ,仄く,かたむ,夕日。夕方のかたむいた太陽。≒斜陽〈漢字ペディア〉
G0058,1,鐫録,せんろく,鐫る,"ほ
え",心に深く刻んで記憶すること。〈漢字ペディア〉
G0059,1,崔嵬,さいかい,嵬い,たか,"1.岩石がごつごつした険しい山。
2.山や建物が、高くそびえるさま。大きくりっぱなさま。〈漢字ペディア〉"
G0060,1,愆戻,けんれい,愆る,あやま,あやまち。また、法にそむいて罪を犯すこと。〈漢字ペディア〉
G0061,1,賑恤,しんじゅつ,恤む,めぐ,貧しい者や、災害にあった者にお布施すること。≒振恤〈漢字ペディア〉
G0062,1,炷香,しゅこう,炷く,た,香をたく。〈字通〉
G0063,1,輓馬,ばんば,輓く,ひ,そりや車をひかせる馬。〈漢字ペディア〉
G0064,1,爨室,さんしつ,爨ぐ,かし,"厨房。〈字通〉
飯をたく部屋。くりや。〈漢字源〉"
G0065,1,慴伏,しょうふく,慴れる,おそ,おそれしたがうこと。おそれひれ伏すこと。≒懾伏〈漢字ペディア〉
G0066,1,躋攀,せいはん,躋る,のぼ,よじのぼること。≒攀躋〈漢字ペディア〉
G0067,1,赧顔,たんがん,赧める,あから,恥ずかしくて顔をあからめること。≒赧面、赤面〈漢字ペディア〉
G0068,1,吮疽,"せんそ
せんしょ",吮う,す,できものをすう。〈字通〉
G0069,1,饕餮,とうてつ,饕る,むさぼ,"1.金銭や飲食などをむさぼること。きわめて貪欲なこと。また、その人。
2.≒饕餮文〈日本国語大辞典〉
1.金銭や飲食をむさぼる。欲が深いさま。また、その人。
2.舜の時代の蛮族の名。
3.想像上の悪獣の名。青銅器の模様に用いた。〈漢辞海〉
1.財貨･金銭をむさぼること。
2.凶悪な者のたとえ。
3.怪獣の名。殷･周のころ、その姿を青銅器などに刻んで飾りとした。〈新漢和大字典〉
悪獣の名。古銅器の文様に饕餮文があり、おおむね器の鼻梁を中心とした虎の展開図を用いる。饕餮は虎を文様化したものであろう。〈字通〉"
G0070,1,賻儀,ふぎ,賻る,おく,"金品を贈って死者の出た家を助ける贈り物。≒賻助、賻贈、賻礼〈漢辞海〉
死者の霊前に供える金銭。香典。〈新漢和大字典〉"
G0071,1,英雋,えいしゅん,雋れる,すぐ,"才知が群を抜いてすぐれているさま。また、その人。≒英俊、英哲〈漢辞海〉
非常にすぐれている。また、そのような人。≒英俊、英哲〈漢字源〉"
G0072,1,燔書,はんしょ,燔く,や,書物に火をつけて、燃やしてしまうこと。〈漢字ペディア〉
G0073,1,屯蹇,ちゅんけん,蹇む,なや,行き詰まってなやむ。うまく行かずになやみ苦しむ。≒屯険、屯困、屯難〈漢字ペディア〉
G0074,1,遯竄,とんざん,竄れる,"かく
のが",逃げ隠れすること。どこかへ逃げうせること。≒逃竄、遁竄〈漢字ペディア〉
G0075,1,肄業,いぎょう,肄う,なら,"1.わざを習う
2.講習をいう。〈字源〉
わざをならう。≒習業〈漢字源〉
わざを習うこと。また、わざを習わすこと。〈新大字典〉"
G0076,1,麤笨,そほん,笨い,あら,あらくておおまかなこと。また、そのさま。≒粗笨〈漢字ペディア〉
G0077,1,殄滅,てんめつ,殄きる,つ,滅ぼす。絶やす。残らず滅びる。死に絶える。≒絶滅〈漢字ペディア〉
G0078,1,擺脱,はいだつ,擺く,ひら,束縛・習慣などを抜け出すこと。それらを除き去ること。〈漢字ペディア〉
G0079,1,賚賜,らいし,賚う,たま,"賚錫（らいせき）≒
1.たまう。
2.たまわりもの。〈漢辞海〉
さずけ与える。また、そのもの。≒賚錫（らいせき・らいし）〈漢字源〉
たまうこと。また、そのもの。賚錫（らいし）
たまう。たまもの。≒賚錫（らいせき）〈字源〉"
G0080,1,懿親,いしん,懿しい,うるわ,"1.関係の最も近い親族。
2.皇室の親族。〈漢辞海〉
親族間の美しい親しみ。また、親しい血族。親族の間柄。〈日本国語大辞典〉
1.近親を尊敬して、または褒めていう言葉。立派な親戚の意。
2.親族間のうるわしい情愛。〈漢字源〉"
G0081,1,搴旗,けんき,搴る,と,"敵の軍規を抜き取る。〈漢辞海〉
旗を奪い取って敵に勝つ。〈新大字典〉"
G0082,1,猜忌,さいき,猜む,"そね
ねた",人の才能などをねたみ、きらうこと。また、その気持ち。〈漢字ペディア〉
G0083,1,噬臍,ぜいせい,噬む,か,あとで後悔すること。臍(ほぞ)をかむこと。≒噬斉〈漢字ペディア〉
G0084,1,勠力,りくりょく,勠せる,あわ,協力する｡〈漢字源〉
G0085,1,擣碪,とうちん,擣つ,う,"きぬたで衣をうつ。〈字源〉
きぬたの石。〈字通〉
着物を石や木の台にのせ、棒でたたいて生地を柔らかくする。きぬたを打つ。≒擣砧、擣衣〈漢辞海〉"
G0086,1,推覈,すいかく,覈べる,しら,"いろいろとおしはかり調べること。罪状をくわしく問い調べること。〈大辞泉〉
おしきわめること。罪を取り調べること。〈新大字典〉"
G0087,1,指嗾,しそう,嗾す,そそのか,人をそそのかすこと。けしかけること。≒教唆、使嗾〈漢字ペディア〉
G0088,1,綢繆,ちゅうびゅう,綢う,まと,"1.巻きつくこと。もつれ合うこと。
2.結びしばること。〈漢字ペディア〉"
G0089,1,憔悴,しょうすい,憔れる,やつ,心痛や病気のため、やせておとろえること。やつれること。〈漢字ペディア〉
G0090,1,朝覲,ちょうきん,覲える,まみ,"1.中国で、臣下が参内して天子にお目にかかること。≒朝謁、朝見
2.天皇が、太上(ダイジョウ)天皇・皇太后の御所に行幸すること。〈漢字ペディア〉"
G0091,1,舂炊,しょうすい,舂く,"つ
うすづ","米などを臼でつくことと、飯を炊くこと。食事の用意をすることをいう。〈漢辞海〉
うすつくと、かしぐと。〈字源〉
穀物をうすでつき、飯を炊く。食事の支度をすること。〈漢字源〉"
G0092,1,褫魄,ちはく,褫う,うば,たましいをうばうこと。心を驚かすこと。〈漢字ペディア〉
G0093,1,秉彝,へいい,秉る,"と
まも",人が、天から与えられた正しい道を守ること。〈漢字ペディア〉
G0094,1,嶷立,ぎょくりつ,嶷い,たか,"高くそびえ立つ。〈漢辞海〉
ひときわ高くそびえたつ。〈漢字源〉
高くぬきんで立つ。〈字源〉"
G0095,1,窘迫,きんぱく,窘しむ,くる,敵に追いつめられくるしむこと。さしせまられくるしむこと。≒困窮〈漢字ペディア〉
G0096,1,麾扇,きせん,麾く,さしまね,軍配(グンバイ)うちわ。大将が軍隊の指揮に用いたうちわ形の道具。≒軍扇〈漢字ペディア〉
G0097,1,懋戒,ぼうかい,懋める,つと,つとめて身をつつしむこと。〈漢字ペディア〉
G0098,1,夐絶,けいぜつ,夐か,はる,"かけ隔たる。遥かに異なる。〈字通〉
1.高く、あるいは遠く隔たっているさま。
2.超絶したさま。〈漢辞海〉"
G0099,1,詆毀,ていき,詆る,そし,そしること。人を悪く言うこと。〈漢字ペディア〉
G0100,1,富贍,"ふせん
ふうせん",贍りる,た,財力や知識が富んで豊かなこと。〈漢字ペディア〉
G0101,1,婀娜,あだ,婀やか,たお,美しくしとやかなさま。また、女性の粋(いき)で色っぽいさま。〈漢字ペディア〉
G0102,1,浹洽,しょうこう,浹し,あまね,"1.すみずみまで、広くゆきわたること。
2.互いにうちとけること。やわらいでむつまじい状態になること。〈漢字ペディア〉"
G0103,1,淬礪,さいれい,淬ぐ,にら,"≒淬厲
1.刃物に焼きを入れ、とぎみがく。
2.激励する。鍛える。〈漢辞海〉
1.刃物を研ぎ鍛える。
2.転じて、自分の修養につとめる。≒礪淬、砥礪〈漢字源〉"
G0104,1,胎孕,たいよう,孕る,みごも,"子を身ごもること。妊娠。〈漢字源〉
みごもること。妊娠。〈大辞林〉
はらむ。妊娠する。〈漢辞海〉"
G0105,1,輟食,てっしょく,輟める,"や
とど","食事を中断する。悲しむさま、憤るさまをいう。〈漢辞海〉
食事を、途中でやめる。〈漢字源〉
食物を食いさしにする。〈字源〉
食物を食いさしにすること。〈新大字典〉"
G0106,1,鄙吝,ひりん,吝い,しわ,心がいやしくて、物惜しみすること。けちなこと。〈漢字ペディア〉
G0107,1,耘鋤,うんじょ,耘る,くさぎ,"1.すきやくわで土をまぜかえし、田畑を耕す。
2.国土を平定する。〈新漢和大字典〉
くさぎり、すく。〈字源〉
1.雑草を取り除く。
2.草刈りぐわ。
3.農作業。
4.国土を平定する。〈漢辞海〉"
G0108,1,奔軼,ほんいつ,軼ぎる,す,"すみやかに走りて前者に乗りこす。≒奔佚〈字源〉
奔逸する。〈字通〉"
G0109,1,劬労,くろう,劬れる,つか,苦労して働くこと。ほねおり疲れること。つかれきること。〈漢字ペディア〉
G0110,1,賚予,らいよ,賚う,たま,物をたまうこと。与えること。≒賚与〈漢字ペディア〉
G0111,1,貽謀,いぼう,貽す,のこ,子孫のためによい計画を残すこと。また、その計画。〈漢字ペディア〉
G0112,1,澆漓,ぎょうり,澆い,うす,人情が薄いこと。≒澆薄〈漢字ペディア〉
G0113,1,箴諫,しんかん,箴める,いまし,欠点を指摘していましめること。また、そのいましめ。〈漢字ペディア〉
G0114,1,搏景,はくえい,搏つ,う,「物の影をうつ」ということで、捕らえることのできないことのたとえ。また、手ごたえのないことのたとえ。≒搏影〈漢字ペディア〉
G0115,1,悁悒,えんゆう,悒える,うれ,"憂えいきどおる。≒悁邑〈漢辞海〉
心がはればれしないさま。心が結ぼれるさま。≒悁邑〈漢字源〉"
G0116,1,躋攀,せいはん,攀じる,よ,よじのぼること。≒攀躋〈漢字ペディア〉
G0117,1,勖厲,きょくれい,勖める,つと,精を出して努めはげむこと。〈漢字ペディア〉
G0118,1,禳禱,じょうとう,禳う,はら,"神を祭って、幸いを祈る。〈漢辞海〉
神をまつって災いをはらい、幸いを祈ること。〈新漢和大字典〉"
G0119,1,粥獄,いくごく,粥ぐ,ひさ,金を取って裁判を手加減すること。〈新大字典〉
G0120,1,出售,しゅっしゅう,售る,う,売る。〈字通〉
G0121,1,濬機,しゅんき,濬う,さら,河中の土砂などをさらい上げる機械。〈新大字典〉
G0122,1,夭閼,ようあつ,閼ぐ,ふさ,"ふさぎとどむ。≒夭遏、雍閼〈字源〉
さえぎる。さえぎられて中断する。〈漢辞海〉"
G0123,1,寤寐,ごび,寤める,さ,目がさめていることと、眠ること。寝てもさめても。〈漢字ペディア〉
G0124,1,愧赧,きたん,赧める,あから,深くはじて赤面すること。〈漢字ペディア〉
G0125,1,覓句,べきく,覓める,もと,"詩人が良句を探し求める。苦吟する。〈漢辞海〉
詩を作るとき、苦心して良い句を探し求めること。〈漢字源〉"
G0126,1,騁望,ていぼう,騁せる,は,楽しんで見物すること。また、思う存分に眺めること。〈漢字ペディア〉
G0127,1,遏密,あつみつ,遏める,"とど
と","1.喪中、鳴り物を停止して静かにする。
2.皇帝の喪に服す。
3.皇帝の死。〈漢辞海〉
1.諒闇の時に音楽を禁止すること。鳴物停止（なりものちょうじ）。
2.静かにさせること。〈日本国語大辞典〉"
G0128,1,懿風,いふう,懿い,よ,"立派な風習。よいならわし。〈漢辞海〉
立派な風習。よいならわし。〈漢字源〉"
G0129,1,泓量,おうりょう,泓い,ふか,"深く水かさがある。〈字源〉
深くて水かさのあること。〈漢字源〉"
G0130,1,銓衡,せんこう,銓る,はか,≒選考〈漢字ペディア〉
G0131,1,釐務,りむ,釐める,おさ,事務をおさめること。特に、国司などの執務をいう。〈日本国語大辞典〉
G0132,1,惆悵,ちゅうちょう,惆む,"うら
いた",うらみ嘆くこと。残念がり悲しむこと。また、そのさま。〈漢字ペディア〉
G0133,1,摶飯,たんぱん,摶める,まる,"飯を手でまるめる。また、握り飯。〈新漢和大字典〉
1.飯を手でまるめる。
2.握り飯。〈漢辞海〉"
G0134,1,迥迥,けいけい,迥か,はる,"遥かに遠いさま。ぽつんと遠くに孤立するさま。≒迥然
遠きさま。〈字源〉"
G0135,1,芟鋤,"さんじょ
せんじょ",芟る,か,"1.草を刈り取り、根をくわで掘り取る。
2.反乱や賊を平定すること。〈漢字源〉"
G0136,1,惻怛,そくだつ,怛む,いた,悲しみいたむこと。〈漢字ペディア〉
G0137,1,譖言,しんげん,譖る,そし,"1.悪口をいう。
2.悪口。〈漢辞海〉
そしることば。悪口のこと。〈漢字源〉"
G0138,1,盪滌,とうでき,盪う,あら,"洗い落とす。特に、悪い制度などを除き去ることを言う。〈漢辞海〉
たっぷり水をかけて洗いすすぐ。〈漢字源〉"
G0139,1,箴規,しんき,箴める,いまし,"1.いましめ。
2.いましめただす。〈字源〉
いましめ。また、いましめただす。〈漢字源〉"
G0140,1,説懌,えつえき,懌ぶ,よろこ,よろこぶこと。〈漢字ペディア〉
G0141,1,愒陰,かいいん,愒る,むさぼ,日月をむさぼる。〈字通〉
G0142,1,邀討,ようとう,邀える,むか,"むかえ撃つ。敵の来るのを待ち伏せして攻撃する。≒邀撃〈漢辞海〉
敵兵をむかえうつ。≒邀擊
敵の来そうなところに俟ちうけていて撃つ。むかえうつ。≒要撃、邀撃〈漢字源〉"
G0143,1,螫齧,せきげつ,螫す,さ,さし、かむ。〈字通〉
G0144,1,斫営,しゃくえい,斫る,き,"敵陣を攻撃する。〈漢辞海〉
不意を突いて敵の陣営にきりこむこと。〈新大字典〉"
G0145,1,賻助,ふじょ,賻る,おく,"金品を贈って死者の出た家を助ける贈り物。≒賻儀、賻贈、賻礼〈漢辞海〉
死者の家に金品をおくって葬式の助けとする。また、そのおくりもの。≒賻贈〈漢字源〉"
G0146,1,覓索,べきさく,覓める,もと,"さがしもとめる。〈新漢和大字典〉
さがす。〈字通〉
たずねもとめること。〈新大字典〉
探し求める。〈漢辞海〉"
G0147,1,荐臻,せんしん,荐りに,しき,"災いなどが、あとからあとからおこる。〈漢字源〉
災いが、次々と起こる。≒荐及〈漢辞海〉"
G0148,1,恬熙,てんき,恬らか,やす,"世がやすらか。太平無事の世。〈字源〉
静かでゆったりしていること。安らかで楽しいこと。また、そのさま。≒恬嬉〈日本国語大辞典〉"
G0149,1,韜光,とうこう,韜む,つつ,"1.光をかくして外にあらわさず。
2.転じて、才徳をかくして人に知らしめず。≒韜晦〈字源〉
1.光を隠して外に現さない。
2.才徳を人に知らさず、隠す。〈漢辞海〉
1.光を隠して外にあらわさない。
2.転じて、才徳を隠して人に知らせないこと。〈漢字源〉"
G0150,1,乂安,がいあん,乂める,おさ,世の中が治まって安らかなこと。≒艾安〈漢字ペディア〉
G0151,1,訐直,けっちょく,訐く,あば,人の悪をあばき出して、自ら正直とすること。〈新大字典〉
G0152,1,靠天,こうてん,靠る,よ,天任せ。〈字通〉
G0153,1,抃悦,べんえつ,抃つ,う,"手を打って喜ぶこと。大喜びすること。また、その喜び。〈日本国語大辞典〉
手を打ってよろこぶこと。〈新大字典〉"
G0154,1,焠鍼,さいしん,焠ぐ,にら,やきがね。〈字通〉
G0155,1,攢仄,さんそく,攢まる,あつ,"多くの音が重なるさま。〈漢辞海〉
声･音などが、幾重にも重なりあつまるさま。〈漢字源〉"
G0156,1,乖忤,かいご,忤う,さから,"≒乖互
1.相反し、矛盾したさま。食い違っている。
2.間違い。あやまち。〈漢辞海〉
もとりさからう。〈字源〉
物事が食い違ってちぐはぐである。また、食い違い。≒乖戻、乖悖〈漢字源〉"
G0157,1,覘候,てんこう,覘う,うかが,"敵の様子などをうかがい、さぐる。〈漢辞海〉
1.さぐりみる。
2.敵の様子を探偵する。≒偵伺。〈字源〉
じっと探りうかがう。ひそかに様子を調べること。〈漢字源〉"
G0158,1,凭欄,ひょうらん,凭る,よ,"欄干によりかかること。〈新大字典〉
欄干にもたれる。≒凭闌、倚欄〈字源〉"
G0159,1,豢擾,かんじょう,豢う,"やしな
か","飼いならす。〈字通〉
獣などを養ってならす。〈新漢和大字典〉
家畜を飼いならす。〈漢辞海〉"
G0160,1,擒縦,きんしょう,擒える,とら,とらえることと自由に放つこと。転じて、自在に扱うこと。〈漢字ペディア〉
G0161,1,躡蹤,じょうしょう,躡む,ふ,追跡する。〈字通〉
G0162,1,翫愒,がんかい,愒る,むさぼ,"むさぼる。〈字源〉
むさぼること。〈新大字典〉"
G0163,1,吮癰,せんよう,吮う,す,"1.こびへつらうことのたとえ。
2.親孝行のたとえ。唐の張士巌が、母の癰の血をすったという故事。〈新大字典〉
できものをすう。≒吮疽〈字通〉"
G0164,1,霾翳,ばいえい,霾る,つちふ,"巻き上げられた土砂が空をおおって暗いこと。〈新漢和大字典〉
巻き上げられた土砂が空をおおって暗いこと。〈漢字源〉
つちぐもり。〈字通〉"
G0165,1,壅遏,ようあつ,壅ぐ,ふさ,"ささへとどむ、ふさがる。≒壅塞、擁閼〈字源〉
行動を遮りとどめる。枠内に押し込める。〈漢字源〉"
G0166,1,堙塞,いんそく,堙ぐ,ふさ,"つまってふさがる。≒堙窒〈漢辞海〉
ふさがって、通じない。≒堙窒〈漢字源〉"
G0167,1,遒麗,しゅうれい,遒い,つよ,"文章に力があって美しいさま。〈漢辞海〉
つよくうるわし。〈字源〉
書･画･文書などの筆力がしっかりとしていて、美しい趣があること。〈漢字源〉"
G0168,1,逡遁,しゅんじゅん,逡く,しりぞ,決断をためらって、ぐずぐずすること。しりごみすること。≒躊躇、逡巡〈漢字ペディア〉
G0169,1,謫徙,たくし,徙す,うつ,罪によって辺境の地に移されること。〈漢字ペディア〉
G0170,1,鬯浹,ちょうしょう,浹し,あまね,"のびやかに広くゆきわたる。〈漢辞海〉
のびてあまねくゆきわたる。〈字源〉
のびのびと、広く行き渡ること。≒暢浹〈漢字源〉"
G0171,1,詬病,こうへい,詬める,はずかし,"はずかしめる。また、悪口を言う。≒詬厲〈漢辞海〉
そしりはづかしむ。≒詬厲、恥辱〈字源〉
口汚く悪口を言ってはずかしめる。≒詬厲〈漢字源〉"
G0172,1,祗役,しえき,祗む,つつし,"命令に従い、職に就く。〈漢辞海〉
つつしんで主君の命令に従う。〈漢字源〉"
G0173,1,贍恤,せんじゅつ,贍す,た,"金品を与えて救う。≒贍賑〈漢辞海〉
不足する物をめぐんで救う。〈漢字源〉"
G0174,1,詛詈,そり,詛う,のろ,"のろいののしる。〈字通〉
のろいののしる。〈字源〉"
G0175,1,贏輸,えいしゅ,贏つ,か,勝ちと負け。≒勝敗、勝負〈漢字ペディア〉
G0176,1,自售,じしゅう,售る,う,自分を売り込む。官職にありつこうとして運動すること。〈漢字源〉
G0177,1,倩粧,せんしょう,倩しい,うつく,"美しいよそおい。〈漢辞海〉
うるわしきよそおい。〈字源〉"
G0178,1,鐫題,せんだい,鐫る,"ほ
え",題記。〈字通〉
G0179,1,裹革,かかく,裹む,つつ,"戦死した人の遺体を馬の革で包む。〈漢字源〉
馬の皮で死体をつつむ。戦いで死ぬことを言う。戦死。≒馬革(ﾊﾞｶｸ)屍(ｼｶﾊﾞﾈ)を裹(ﾂﾂ)む〈漢辞海〉◇漢字ペディア小見出し"
G0180,1,嗤詆,してい,詆る,そし,"わらいののしる。≒笑罵
あざわらい、そしる。〈漢辞海〉
わらいそしる。〈漢字源〉"
G0181,1,淤閼,おあつ,閼ぐ,ふさ,"泥が詰まって水が流れなくなる。〈漢辞海〉
泥ふさがりたまる。≒淤塞〈字源〉
泥でふさがる。〈字通〉
泥がたまって水流がふさがり通じない。〈新大字典〉"
G0182,1,炯誨,けいかい,炯らか,あき,"明らかないましめ。〈新大字典〉
明戒。≒炯戒〈字通〉"
G0183,1,麤細,そさい,麤い,あら,粗いことと、細かいこと。〈新大字典〉
G0184,1,仆偃,ふえん,偃す,ふ,"倒れ伏す。倒れる。〈漢辞海〉
ぱったりたおれ伏す。たおれること。〈漢字源〉
たおれふす。たおれる。≒偃仆〈字源〉"
G0185,1,怡楽,いらく,怡ぶ,よろこ,"喜び楽しむこと。〈大辞泉〉
よろこび楽しむこと。〈新大字典〉"
G0186,1,翕翼,きゅうよく,翕じる,と,"つばさをとじて、おさめる。心ならずも志を曲げるたとえ。〈漢辞海〉
つばさをおさむ。〈字源〉
鳥が翼をたたんでおさめじっとしている。〈漢字源〉"
G0187,1,焠鋒,さいほう,焠ぐ,にら,にらぐ。〈字通〉
G0188,1,餔歠,ほせつ,歠む,の,"≒餔啜
1.食べ物を食べたり、すすったりする。
2.無駄に食禄をむさぼる。〈漢辞海〉
飲食。≒餔啜〈字通〉
飯を食べたりすすったりする。飲食すること。≒餔啜〈新漢和大字典〉"
G0189,1,凭几,ひょうき,凭る,よ,"机にもたれる。〈字通〉
机によりかかる。≒隠几〈字源〉"
G0190,1,悚懼,しょうく,悚れる,おそ,"おそれおののく。びくびくする。〈漢字源〉
おそれる。おそれすくむ。竦懼。〈漢辞海〉
おそれる。≒惶懼〈字源〉"
G0191,1,鞫獄,きくごく,鞫す,ただ,"裁判をする。〈漢辞海〉
罪を調べ上げて、裁きをつける。≒鞠獄、断獄、究獄〈漢字源〉
"
G0192,1,徼冀,"きょうき
ぎょうき",徼める,もと,"強いて求め願う。〈字源〉
願い求めること。〈新大字典〉"
G0193,1,泝沿,そえん,泝る,さかのぼ,"川の流れをさかのぼることと、流れに沿って下ること。〈漢字源〉
流れをさかのぼることとくだること。〈新大字典〉"
G0194,1,嫩緑,どんりょく,嫩い,わか,芽生えたばかりの若葉の緑。≒新緑〈漢字ペディア〉
G0195,1,釁鍾,きんしょう,釁る,ちぬ,鐘にちぬる。〈字通〉
G0196,1,祓禳,ふつじょう,禳う,はら,"神に祈り、災いをはらい除く。〈漢辞海〉
神に祈り、災いをはらい除く。〈漢字源〉"
G0197,1,抔飲,ほういん,抔う,すく,"手ですくって飲む。〈漢辞海〉
手ですくって飲む。〈漢字源〉"
G0198,1,綰摂,"わんしょう
わんせつ",綰べる,す,"統べる。〈字通〉
ととのえ治めること。〈新大字典〉"
G0199,1,稟質,ひんしつ,稟ける,う,生まれつきの性質。≒稟性、稟賦、天性〈漢字ペディア〉
G0200,1,豢擾,かんじょう,擾らす,な,"家畜を飼いならす。〈漢辞海〉
やしないならす。豢養馴擾。〈字源〉飼いならす。〈字通〉
獣などを養ってならす。〈新漢和大字典〉"
G0201,1,噴嚔,ふんてい,嚔る,はなひ,くしゃみ。〈漢字ペディア〉
G0202,1,緝綴,"しゅうてい
しゅうてつ",緝める,あつ,"文章を集めてつづる。〈漢辞海〉
あつめつづる。文を作る。〈字源〉
≒輯綴
1.あつめてつづる。
2.文を作る。〈漢字源〉"
G0203,1,幎冒,べきぼう,幎う,おお,顔隠しで死者の顔を覆う。〈漢字源〉
G0204,1,鬯浹,ちょうしょう,鬯びる,の,"のびやかに広くゆきわたる。〈漢辞海〉
のびてあまねくゆきわたる。〈字源〉
のびのびと、広く行き渡ること。≒暢浹〈漢字源〉"
G0205,1,淹漬,えんし,淹す,ひた,"水につかること。また、水につけること。水びたし。〈漢字源〉
ひたす。〈字通〉"
G0206,1,愨愿,かくげん,愿む,つつし,"つつしみ深いこと。〈新大字典〉
つつしみ深く、すなお。〈字通〉"
G0207,1,摎結,"きゅうけつ
こうけつ",摎わる,まつ,しめて結ぶ。まといつく。〈漢字源〉
G0208,1,曄桃,ようとう,曄く,かがや,"義未詳。
★現存する最古の日本漢詩集『懐風藻』に記載あり。曄桃は桃が咲く意か。"
G0209,2,刎頸,ふんけい,刎ねる,"は
くびは",首をはねること。首を切ること。斬首。〈漢字ペディア〉
G0210,2,乂寧,がいねい,乂める,おさ,"治まって無事。≒乂安〈字通〉
よく治まって安らかなこと。≒乂安〈新大字典〉
治まりて安らか。≒安寧〈字源〉"
G0211,2,乖戻,かいれい,乖く,そむ,"道理に逆らい、そむくこと。≒背戻〈漢字ペディア〉
そむき逆らうこと。≒背戻〈大辞泉〉
そむきもとること。食い違うこと。≒乖悖〈新大字典〉
さからい、そむくこと。また、性質が反抗的なさま。〈日本国語大辞典〉"
G0212,2,仍旧,じょうきゅう,仍る,よ,"古い方法･習慣に従って今まで通りにする。≒仍貫〈漢字源〉
1.旧による。すべて旧習に照らして行う。
2.依然として。仍然。〈漢辞海〉"
G0213,2,仄聞,そくぶん,仄か,ほの,"風のたよりに聞くこと。ほのかに聞くこと。≒側聞〈漢字ペディア〉
ほのかに聞く。〈字通〉"
G0214,2,屠狗,とく,屠る,ほふ,"1.犬を殺して肉を売る。
2.いやしい出身の豪傑。〈漢辞海〉
1.犬を殺し、その肉を売るのを職業とする人。犬殺し。
2.転じて、いやしい職業に従事する者のたとえ。〈漢字源〉"
G0215,2,腥穢,せいわい,腥い,なまぐさ,"なまぐさくて、けがれている。〈新漢和大字典〉
けがれる。〈字通〉
なまぐさくてけがれていること。また、そのもの〈日本国語大辞典〉"
G0216,2,翦剔,"せんてき
せんてい",剔る,"えぐ
そ","切ること。また、切り平らげること。〈新大字典〉
切り除く。〈字通〉"
G0217,2,顰蹙,ひんしゅく,顰める,"しか
ひそ",顔をしかめて不快感を表すこと。〈漢字ペディア〉
G0218,2,窘蹙,きんしゅく,蹙る,せま,"くるしみ、ちぢまる。すくむ。〈漢字源〉
すくむ。〈字通〉
苦しみ縮むこと。すくむこと。また、迫り苦しめること。≒窘縮〈日本国語大辞典〉"
G0219,2,恤民,じゅつみん,恤む,めぐ,人民をあわれんで、金品を施すこと。民にめぐむこと。〈漢字ペディア〉
G0220,2,齧噬,げつぜい,噬む,か,"物をかむ。〈新漢和大字典〉
かむ。〈字通〉"
G0221,2,延攬,えんらん,攬る,と,"人を引き招いて味方につけること。〈新大字典〉
味方として引き入れる。〈漢辞海〉"
G0222,2,蟠踞,ばんきょ,踞る,うずくま,"≒盤踞
1.しっかりと根を張って動かないこと。
2.広く領地を占領して勢力をふるうこと。〈漢字ペディア〉"
G0223,2,勖厲,きょくれい,厲む,はげ,"精を出して努めはげむこと。〈漢字ペディア〉
つとめはげむ。〈字通〉"
G0224,2,渾身,こんしん,渾て,すべ,からだ全体。全身。≒満身〈漢字ペディア〉
G0225,2,嚬呻,ひんしん,呻く,うめ,"顔をしかめて、苦しんでうめく。〈漢字源〉
1.眉をしかめて苦しみうめく。
2.苦吟する。〈漢辞海〉"
G0226,2,均沾,きんてん,沾う,うるお,利益や恩恵をみんながひとしく受けること。恩恵が均等にいきわたること。≒均沾〈漢字ペディア〉
G0227,2,鑽燧,さんすい,鑽る,き,"木の棒をきりもみして火を起こす。〈漢辞海〉
木や石などをきりもみして、火をおこすこと。〈漢字源〉
木に穴をあけて、すりもみて火をとる。〈字源〉"
G0228,2,枉駕,おうが,枉げる,ま,乗り物の進路を変えてわざわざ訪ねて来ること。相手の来訪を敬っていう語。御来駕。≒枉車、枉顧〈漢字ペディア〉
G0229,2,瞋目,しんもく,瞋らす,いか,"1.目をみはる。
2.怒って目をむく。〈漢辞海〉
怒って目をむく。〈漢字源〉
目をいからすこと。〈日本国語大辞典〉"
G0230,2,鬩牆,げきしょう,鬩ぐ,せめ,兄弟げんか。うちわもめ。〈漢字ペディア〉
G0231,2,銜冤,"がんえん
かんえん",銜む,ふく,"無実の罪を受けながら釈明できないこと。≒含冤〈漢字源〉
無念の思いをいだく。無実の罪や屈辱を他に訴える方法がないこと。含冤。〈漢辞海〉
冤罪をうけて伸理するを得ざる義。〈字源〉"
G0232,2,偸安,とうあん,偸む,ぬす,将来のことを考えず目前の安楽をむさぼること。一時逃れ。〈漢字ペディア〉
G0233,2,滔天,とうてん,滔る,はびこ,水が、天に届くほど満ちあふれること。また、勢力の盛んなたとえ。〈漢字ペディア〉
G0234,2,捫蝨,もんしつ,捫る,ひね,"人前で蝨をつぶす。物事にこだわらないさま。
人前で、蝨を手探りしてつぶす。無頓着で、あたりをかまわないさま。〈漢字源〉"
G0235,2,倚閭,いりょ,倚る,よ,"村の入り口の門によりかかり、遠くを眺める。子どもの帰りを首を長くして待つ形容。倚門の望。倚門。〈漢辞海〉
村の門によりかかる。母が子を帰るのを待つことのたとえ。〈漢字源〉
村の入口の門によりかかって母がわが子の帰りを待ち望むこと。〈日本国語大辞典〉"
G0236,2,簪筆,しんぴつ,簪す,かざ,"1.筆や冠を笏（コツ：手に持つしゃく）にさす。帝王の近臣や士大夫の心得の一つ。
2.官吏になる。〈漢辞海〉
1.筆を頭にさす。下級の官吏になること。
2.毛で飾ったかんざし。〈漢字源〉
筆をかしらにさす。小吏となるにいう。〈字源〉"
G0237,2,騁懐,ていかい,騁せる,は,"心に思っていることをよく述べる。〈漢辞海〉
遠くを思いやる。自由に思いめぐらす。〈漢字源〉
心に思うところを開きのべる。〈字源〉
思いを充分に述べること。〈新大字典〉"
G0238,2,闕疑,けつぎ,闕ける,か,"疑問で解決がつかないものは無理にこじつけたりしないで、そのまま残しておく慎重な態度をいう。〈漢辞海〉
疑わしいものとして、決定を保留しておくこと。また、そのような事柄。〈日本国語大辞典〉
1.疑わしいと思うことは、やらないでとりのけておく。
2.疑問な点は省いて触れないでおく。
3.疑わしい場合は、あえて罰しない。〈漢字源〉"
G0239,2,攘臂,じょうひ,攘う,はら,"腕まくりする。尽力する。〈漢辞海〉
うでまくりをすること。〈日本国語大辞典〉"
G0240,2,攘羊,じょうよう,攘む,ぬす,"1.迷い込んできた他人の羊をぬすんで、自分のものとする。
2.転じて、父親の悪事を訴えるような、ばか正直者のたとえ。〈漢字源〉"
G0241,2,効顰,こうひん,顰み,ひそ,善悪を区別することなく人の真似をすること。〈漢字ペディア〉
G0242,2,偃柝,えんたく,偃す,ふ,"夜景で使う拍子木を使用しない。治安が良く、盗賊を警戒する必要がないということ。〈漢辞海〉
夜回りの柏子木をふせて用いず、世が治まって盗賊の警戒を要しない義。〈字源〉"
G0243,2,刮刷,かっさつ,刮る,けず,"削り取る。≒刮去〈漢辞海〉
汚れをけずりとって綺麗にする。〈漢字源〉"
G0244,2,相軋,そうあつ,軋る,きし,"互いに争う。〈漢字源〉
あい争う。〈字通〉"
G0245,2,結紮,けっさつ,紮げる,から,血管をしばって血液の流れを止めること。〈漢字ペディア〉
G0246,2,嗜虐,しぎゃく,嗜む,たしな,残虐なことを好むこと。〈漢字ペディア〉
G0247,2,舐犢,しとく,舐める,な,親牛が子牛をなめて愛すること。犢は、小牛。転じて、親が子を愛撫するたとえ。舐犢之愛。〈新大字典〉
G0248,2,焦熬,しょうごう,熬る,い,"こがしいる。〈字源〉
こげいる。こがしいる。〈新大字典〉"
G0249,2,引咎,いんきゅう,咎め,とが,"責任をとる。≒引責〈漢辞海〉
責任を負う。≒引責〈漢字源〉"
G0250,2,舒巻,"じょけん
じょかん",舒べる,の,"1.広げることと、巻くこと。
2.時勢や物事に応じて進退し、身を処す。〈漢辞海〉
1.広げることと、巻くこと。
2.時勢や物事に応じて進退すること。〈漢字源〉"
G0251,2,偸俗,とうぞく,偸い,うす,偸薄（トウハク：軽薄で人情に欠ける）の俗。〈字通〉
G0252,2,傅愛,ふあい,傅く,"かしず
つ","かしずき愛する。〈字源〉
かしずき愛すること。〈新大字典〉"
G0253,2,僂身,"ろうしん
るしん",僂める,かが,"1.身をかがめること。
2.背骨が前方に湾曲している人。〈新大字典〉"
G0254,2,繊嗇,せんしょく,嗇か,やぶさ,"金銭にこまかい。けちで、ものおしみすること。≒吝嗇、孅嗇〈新漢和大字典〉
やぶさかなこと。惜しむこと。≒吝嗇〈新大字典〉
やぶさか。≒繊悋、吝嗇〈字源〉
ものおしみするさま。吝嗇。〈漢辞海〉
金銭にこまかい。けちで、ものおしみすること。≒孅嗇、吝嗇〈漢字源〉"
G0255,2,倹吝,けんりん,吝か,やぶさ,"つづまやかにしておしむ、やぶさか。〈字源〉
倹約して、物惜しみをする。≒倹嗇〈漢字源〉
物惜しみする。≒倹嗇〈漢辞海〉"
G0256,2,咬菜,こうさい,咬む,か,"野菜を食う。粗食する義。〈字源〉
野菜を食べる。粗末なものを食べること。〈新大字典〉
菜食。清貧の生活。〈字通〉"
G0257,2,鼻哂,びしん,哂う,わら,"鼻でわらう。せせらわらう。〈漢字源〉
せせら笑い。〈字通〉
鼻でせせら笑う。〈漢辞海〉
せせらわらい。〈字源〉"
G0258,2,哮噬,こうぜい,哮る,たけ,"1.たけりてかみつく。
2.転じて、賊軍の兵威の猛烈なるをいう言葉。〈字源〉
たけりかみつく。〈字通〉
1.怒りかみつく。
2.反乱軍の勢いの盛んなこと。〈漢字源〉
反乱軍などがたけり狂う。〈漢辞海〉"
G0259,2,哮虎,こうこ,哮える,ほ,怒りほえる虎。〈字通〉
G0260,2,健啖,けんたん,啖う,く,たくさん食べるさま。大食。〈漢字ペディア〉
G0261,2,牛喘,ぎゅうぜん,喘ぐ,あえ,"牛が暑に苦しみてあえぐ。〈字源〉
牛が暑熱によってあえぐ。〈漢辞海〉
牛が暑熱に苦しんであえぐこと。〈漢字源〉
牛が暑さにあえぐこと。〈新大字典〉
牛があえぐ。〈字通〉"
G0262,2,嗔詬,しんこう,嗔る,いか,"怒りてののしる。〈字源〉
罵る。〈字通〉"
G0263,2,嗚噎,おえつ,噎ぶ,むせ,"むせび泣く。≒嗚咽〈新漢和大字典〉
≒嗚咽
1.むせび泣く。
2.低く悲しげな声のさま。〈漢辞海〉"
G0264,2,噎嘔,えつおう,噎せる,む,"1.むせて食べ物を吐き出す。
2.笑い喜ぶ声。〈漢辞海〉
1.むせて吐くこと。
2.笑い喜ぶ声。〈新大字典〉"
G0265,2,曼嘯,まんしょう,嘯く,うそぶ,"音調を長くしてうそぶく。〈字源〉
声を長く引く。〈字通〉"
G0266,2,嚮背,"きょうはい
こうはい",嚮く,む,"1.正面と背面。こちらとあちら。
2.味方することと、背くこと。〈漢辞海〉
むかうと、そむくと。〈字源〉
くみすることとそむくこと。向背。郷背。〈新大字典〉"
G0267,2,嚮日,"きょうじつ
こうじつ",嚮に,さき,"1.さきごろ。先日。
2.太陽に向かう。
1.さきごろ。先日。往日。
2.太陽のほうに向くこと。〈漢字ペディア〉"
G0268,2,嚼蠟,しゃくろう,嚼む,か,"蠟をかむ。無味のはなはだしいことのたとえ。〈新大字典〉
無味。〈字通〉"
G0269,2,奢佚,しゃいつ,奢る,おご,"ぜいたくに暮らすさま。〈漢辞海〉
奢侈と逸楽。ぜいたくに遊びくらすこと。おごりなまけること。≒奢逸〈日本国語大辞典〉"
G0270,2,嬾拙,らんせつ,嬾い,ものう,"ものうくつたなし。〈字源〉
無精で世渡り上手。〈字通〉
ものうくてつたない。〈新大字典〉"
G0271,2,孕婦,ようふ,孕む,はら,"妊婦。妊娠している女性。〈漢辞海〉
妊娠している女。はらみおんな。妊婦。〈日本国語大辞典〉"
G0272,2,孚養,ふよう,孚む,はぐく,"養い育てること。≒孚育〈漢字源〉
はぐくみ養う。〈新大字典〉"
G0273,2,孵卵,ふらん,孵す,かえ,卵がかえること。また、卵をかえすこと。〈大辞泉〉
G0274,2,尸政,しせい,尸る,つかさど,政治をつかさどる。〈新大字典〉
G0275,2,萊孱,らいせん,孱い,よわ,"身分が卑しく、かよわいさま。〈漢辞海〉
いやしくしてかよわし。〈字源〉
身分がいやしく、からだが弱い。〈漢字源〉"
G0276,2,徇名,じゅんめい,徇う,したが,"名誉のために身命を捨てること。殉名。〈新大字典〉
名声のために命を棄てる。〈字通〉"
G0277,2,徇陳,じゅんちん,徇える,とな,宣示する。〈字通〉
G0278,2,所怙,しょこ,怙む,たの,"親の別称。〈漢辞海〉
頼りにするものの意から、親のこと。〈漢字源〉
親。〈字通〉
頼みにする人の意で、父母をいう。〈新大字典〉"
G0279,2,憑恃,ひょうじ,恃む,たの,"たよりにする。≒憑仗、憑藉〈漢字源〉
よりたのむ。〈字源〉
頼む。たよりにする。依存する。≒憑藉、憑仗、憑頼〈漢辞海〉"
G0280,2,国恤,こくじゅつ,恤える,うれ,"1.憂うべき国の大事。国家の危機。国難。
2.天子･皇后の喪。〈漢辞海〉
1.天子･皇后などが死ぬこと。
2.≒国難〈漢字源〉"
G0281,2,弔恤,ちょうじゅつ,恤れむ,あわ,"死を弔い、あわれむ。≒弔愍〈漢辞海〉
人の死を弔い、哀れむこと。〈日本国語大辞典〉"
G0282,2,悖繆,はいびゅう,悖る,もと,道理にはずれたさま。≒悖謬〈漢辞海〉
G0283,2,厳愨,げんかく,愨む,つつし,"おごそかで、つつしみ深い。≒厳恪〈漢辞海〉
おごそかにしてつつしむ。≒厳恪〈字源〉"
G0284,2,靦愧,てんき,愧じる,は,"恥じ入る。〈漢辞海〉
恥じて顔を赤くする。〈字源〉
恥じて顔を赤くする。≒靦慙〈漢字源〉"
G0285,2,懶困,らんこん,懶い,"ものう
ものぐさ","ものうくて。だるい。〈漢辞海〉
ものうくて、つかれる。≒嬾困〈漢字源〉"
G0286,2,畏憚,いたん,憚る,はばか,"おそれはばかること。〈大辞泉〉
おそれる。〈漢辞海〉"
G0287,2,依憑,いひょう,憑む,たの,"よりたのむ。≒依賴、依馮〈字源〉
たよる。よりかかる。≒依倚〈漢辞海〉
たよりとする。〈字通〉"
G0288,2,憫笑,びんしょう,憫れむ,あわ,あわれだとさげすんで笑うこと。また、その笑い。≒愍笑〈漢字ペディア〉
G0289,2,懋績,ぼうせき,懋ん,さか,"すぐれて盛んなるいさお。≒殊功〈字源〉
盛大な功績。≒懋勲〈漢辞海〉
大きく盛んな手柄。偉大な功績。〈漢字源〉"
G0290,2,懼讒,くざん,懼れる,おそ,"讒言をおそる。〈字源〉
讒言をおそれること。〈新大字典〉"
G0291,2,扣制,こうせい,扣える,ひか,"ひきとめる。おさえとどめる。≒牽制、抑制〈字源〉
引きとめる。おさえとどめる。控制。〈漢辞海〉
ひき止める。おさえとどめる。控制。〈漢字源〉
おさえること。引きとめること。制肘。〈新大字典〉"
G0292,2,扣鐘,こうしょう,扣く,たた,"鐘をうつこと。〈新大字典〉
鐘を打つ。〈字通〉"
G0293,2,扼腕,やくわん,扼える,おさ,自分の腕をおさえて、悔しがったり意気込んだりすること。≒搤腕〈漢字ペディア〉
G0294,2,抉摘,けってき,抉る,えぐ,"1.隠れたものをえぐり出す。
2.秘密･欠点をあばく。〈漢辞海〉
隠されたものや、内部に秘められたものをえぐり出す。≒摘抉〈漢字源〉
隠れたるものをかかげ出す。精義をさぐり出す。〈字源〉"
G0295,2,拱揖,きょうゆう,拱く,"こまぬ
こまね","両手を胸の前で組み合わせて会釈する。〈新漢和大字典〉
お辞儀する。〈字通〉
両手を胸の前に組んで会釈する。〈漢辞海〉"
G0296,2,挂錫,"けいしゃく
かいしゃく
けしゃく
かしゃく",挂ける,か,"錫杖を壁にかける。僧が一か所に長く滞在すること。〈漢辞海〉
錫杖をかける。僧が一か所に長くとどまること。≒掛錫〈漢字源〉
錫扙をかく。僧の一所にとどまるにいう。〈字源〉"
G0297,2,挈瓶,けつべい,挈げる,ひっさ,"1.水をくむための小さな、かめ。わずかな知識のたとえ。
2.かめを手にして水をくむ。〈漢辞海〉
小瓶。少量のものにたとえる。〈字通〉★「挈（さ）げる」と読むことは字通に記されているが、過去に出題された「挈げる」は標準解答が「ひっさげる」しか記されていないため、ここでは誤答扱いとする。"
G0298,2,掀掲,きんけい,掀げる,"あ
かか","あげかかげること。〈新大字典〉
掲げる。〈字通〉"
G0299,2,掉尾,"ちょうび
とうび",掉う,ふる,"1.物事や文章の終わりの勢いがよいこと。また、そのさま。
2.終わり。〈漢字ペディア〉
尾をふるう。〈字通〉
1.尻尾を振る。
2.(国)物事の最後の勢いがさかんなさま。
3.(国)物事の最後。〈新漢和大字典〉"
G0300,2,揣知,"しち
すいち",揣る,"はか
おしはか","推し測って知る。〈漢辞海〉
おしはかって知る。〈漢字源〉
さぐりてさとる。〈字源〉
さぐって知ること。はかり知ること。〈新大字典〉"
G0301,2,玉摧,ぎょくさい,摧く,"くだ
くじ",名誉や忠義などを守っていさぎよく死ぬこと。玉のごとく砕け散る意から。≒散華、⇔瓦全〈漢字ペディア〉
G0302,2,屈撓,くっとう,撓む,たわ,"1.しりごみする。ひるむ。
2.たわめる。≒屈橈〈漢辞海〉
1.物がたわむ。
2.おそれてひるむ。〈漢字源〉
たわむ。また、たわます。〈字源〉"
G0303,2,撥簾,はつれん,撥げる,かか,"外が見えるように、すだれをはね上げる。〈漢字源〉
すだれをかかげる。〈字源〉
すだれをあげること。〈新大字典〉"
G0304,2,震撼,しんかん,撼かす,うご,ふるえ動くこと。また、ショックを与えること。〈漢字ペディア〉
G0305,2,擯却,ひんきゃく,擯ける,しりぞ,"排斥する。≒擯斥、擯棄〈漢辞海〉
おしのける。のけものにする。≒擯斥、擯棄、排斥〈漢字源〉"
G0306,2,追攀,ついはん,攀る,すが,"1.追いすがって別れを惜しむ。
2.死者をいたむ。
3.人のあとにつき従う。〈漢辞海〉
人のあとを追ってすがりつく。たすけあう。〈漢字源〉
たすけあうこと。〈新大字典〉"
G0307,2,攣急,れんきゅう,攣る,"つ
ひきつ","ひきつる。〈字通〉
はげしくひきつること。急にこわばること。〈日本国語大辞典〉"
G0308,2,敲門,こうもん,敲く,たた,"人を訪れてその家の門をたたく。≒叩門〈漢字源〉
門をたたきて人を訪う。≒叩門、款門〈字源〉
門をたたいて人を訪ねること。〈新大字典〉"
G0309,2,餒斃,だいへい,斃れる,たお,"うえて、行き倒れになって死ぬこと。〈漢字源〉
うえてたおれ死す。〈字源〉
飢えて行き倒れ、死ぬ。≒餒饉〈漢辞海〉"
G0310,2,日昃,"にっしょく
にっそく",昃く,かたむ,"日がかたむく。ひぐれ。〈字源〉
午後。〈字通〉
昼過ぎ。午後二時ごろ。≒日仄〈漢辞海〉
昼過ぎ。未の刻。午後二時ごろ。〈新大字典〉"
G0311,2,曩勲,のうくん,曩に,さき,"かつて立てた勲功。〈新大字典〉
さきにたてたるいさお。〈字源〉
前勲。〈字通〉"
G0312,2,矯枉,きょうおう,枉げる,ま,"曲がったものを、直して真っ直ぐにする。〈漢辞海〉
まがれる者をためて正しくする。〈字源〉
枉曲を改めなおす。〈字通〉"
G0313,2,髻梳,けいそ,梳る,くしけず,"もとどりをくしけずる。〈字源〉
くしけずる。〈字通〉"
G0314,2,梳櫛,そしつ,梳く,"と
す","髪をとかす。≒梳頭、梳髪〈漢辞海〉
髪をくしけずること。〈新大字典〉"
G0315,2,殃戮,おうりく,殃い,わざわ,"禍にあいて殺される。〈字源〉
災いにあって殺される。〈漢辞海〉
わざわいにあって殺される。〈字通〉"
G0316,2,殞殪,いんえい,殪れる,たお,"たおれる。〈字通〉
死にたおれる。〈字源〉
死ぬ。〈漢辞海〉"
G0317,2,殫慮,たんりょ,殫くす,つ,思慮をつくす。〈字通〉
G0318,2,殷阜,いんぷ,殷ん,さか,"盛んで豊かなこと。≒殷昌、繁茂〈新大字典〉
財がゆたか。≒繁盛、繁茂〈字源〉
繁昌する。〈字通〉"
G0319,2,沽名,こめい,沽る,う,"ほまれを売る。名を衒う。≒売名〈字源〉
名を売る。名誉をほしがること。〈新大字典〉"
G0320,2,夷泯,いびん,泯びる,ほろ,"尽き滅ぶこと。〈新大字典〉
滅びる。〈字通〉"
G0321,2,熙洽,きこう,洽し,あまね,"楽しみやわらぐ。名君が続いて、世の中が安らかに治まっているたとえ。班固･東都賦「重ねて熙（おこ）り累（かさ）ねて洽（あまね）し」にもとづく。〈漢辞海〉
1.とけあってやわらぐ。
2.徳のある君主が次々と位を継ぐこと。〈漢字源〉"
G0322,2,妖孼,ようげつ,孼い,わざわ,"あやしいわざわい。また、わざわいをもたらす不気味な前兆。〈漢字ペディア〉
あやしいわざわい。災厄をもたらす前兆。不吉な事件の前ぶれ。夭逆(ﾖｳｹﾞｷ)。〈日本国語大辞典〉"
G0323,2,濬潭,しゅんたん,濬い,ふか,"ふかいふち。深淵。〈漢字源〉
深いふち。深潭。〈新大字典〉
深いうふち。深淵。〈漢辞海〉"
G0324,2,濘滞,ねいたい,濘る,ぬか,"どろがつかえる。〈字源〉
ぬかるみにはまる。〈漢辞海〉
泥水のたまること。泥がつかえること。〈新大字典〉"
G0325,2,傾瀉,けいしゃ,瀉ぐ,そそ,"1.液体が高い所から注ぎ落ちる。
2.さらけ出す。〈漢辞海〉
1.傾けてそそぐこと。
2.化学で、溶液中から沈殿物を分離するため、容器を傾けて上澄み液だけを流し出す操作。デカンテーション。〈大辞泉〉"
G0326,2,濺涙,せんるい,濺ぐ,そそ,涙をそそぐ。〈字通〉
G0327,2,灑沃,さいよく,灑ぐ,そそ,"水をそそぎかけてうるおす。〈漢字源〉
水をはらはらと、注ぎかける。〈漢辞海〉"
G0328,2,燔炙,"はんしゃ
はんせき",炙る,あぶ,"1.食物を焼き、あぶる。
2.あぶり肉。〈漢辞海〉
1.食物を焼いたり、あぶったりする。
2.焼き肉。あぶり肉。〈漢字源〉"
G0329,2,熾灼,ししゃく,熾ん,さか,"1.火が盛んに燃えるさま。
2.権勢の盛んなさま。〈漢辞海〉
1.火が盛んに燃える。
2.転じて、権勢が盛んなこと。〈漢字源〉"
G0330,2,燬犀,きさい,燬く,や,犀角を燃やす。〈字通〉
G0331,2,爛額,らんがく,爛れる,ただ,"額にやけどをする。あわてふためくさま。〈漢辞海〉
額にやけどをする。〈漢字源〉"
G0332,2,旗靡,きび,靡く,なび,"旗がなびき倒れる。転じて、戦いに負けて逃げること。〈漢字源〉
軍機が倒れる。敗退するたとえ。〈漢辞海〉"
G0333,2,狎昵,こうじつ,狎れる,な,なれなれしくすること。なれ親しみ、遠慮がなくなること。〈漢字ペディア〉
G0334,2,倏瞬,しゅくしゅん,倏ち,たちま,"たちまち。わずかの間。一瞬時。〈新大字典〉
極めて短き時間。〈字源〉
一瞬。〈字通〉"
G0335,2,猥多,わいた,猥りに,みだ,"ごたごたと多いさま。雑多。〈漢辞海〉
雑多。〈字通〉
みだりに多いこと。〈新大字典〉
みだりに多し。〈字源〉"
G0336,2,無疆,むきょう,疆り,かぎ,"限りのないこと。〈漢辞海〉
無窮。〈字通〉
きわまりなし。≒無窮〈字源〉
≒無窮〈日本国語大辞典〉"
G0337,2,尽瘁,じんすい,瘁れる,"つか
やつ",全力をつくして労苦すること。ほねおり。≒尽力〈漢字ペディア〉
G0338,2,疲羸,ひるい,羸い,よわ,"疲れてぐったりすること。〈大辞泉〉
つかれ弱ったさま。〈漢辞海〉
つかれ弱る。〈漢字源〉"
G0339,2,羸骸,るいがい,羸せる,や,"疲れた弱いからだ。〈新大字典〉
やせおとろえる。〈字通〉"
G0340,2,癢痛,ようつう,癢い,かゆ,かゆみと、いたみ。〈字通〉
G0341,2,眇目,びょうもく,眇める,すが,"1.やぶにらみ。すがめ。また、片目が不自由なこと。
2.目を細くして凝視すること。〈漢字ペディア〉"
G0342,2,眩惑,げんわく,眩む,くら,目がくらんでまどうこと。また、人の目をくらませ、まどわせること。〈漢字ペディア〉
G0343,2,睨視,げいし,睨む,にら,"流し目にちらりとみる。傲慢な態度の形容。〈漢辞海〉
じっと見つめること。にらむこと。〈大辞林〉
にらむようにみる。≒睨視〈新大字典〉"
G0344,2,眩耀,げんよう,眩い,まばゆ,"目をあけていられないほどに光り輝くこと。〈漢字ペディア〉
≒まばゆいほどにかがやく。≒眩燿〈漢字源〉
≒眩燿
1.光り輝いて、目をうばう。まばゆいほどに光り輝く。
2.まよう。まどわす。〈漢辞海〉"
G0345,2,瞑坐,めいざ,瞑る,つぶ,"目を閉じ、心静かに座ること。〈漢字ペディア〉
目を閉じてすわること。〈新大字典〉
静坐。瞑目。〈字通〉"
G0346,2,鳥瞰,ちょうかん,瞰る,み,"高い所や空中から地上を見下ろすこと。≒俯瞰〈漢字ペディア〉
上空から地上の景色をながめること。〈漢字源〉
鳥が空から見おろすように、高い所から広い範囲を見おろすこと。また転じて、全体を大きく見渡すこと。俯瞰。〈大辞泉〉"
G0347,2,矜厳,きょうげん,矜む,つつし,"容貌などが厳粛なさま。〈漢辞海〉
自信にあふれ、おごそかなこと。≒矜荘〈漢字源〉
つつしみ深くしておごそか。≒謹厳〈字源〉
つつしみふかく、おごそか。〈字通〉"
G0348,2,自矜,じきょう,矜る,ほこ,"自分で自分の長所をほこる。〈漢辞海〉
みずから己の長をほこる。〈字源〉
自分で自分のすぐれた点をほこる。≒自慢〈漢字源〉
自慢。〈字通〉"
G0349,2,矜育,きょういく,矜れむ,あわ,"子どもなどをあわれんで育てる。〈漢字ペディア〉
あわれみ育てること。〈新大字典〉
あわれみそだてる。〈字源〉"
G0350,2,穢濁,"わいだく
あいだく",穢れる,けが,"けがれにごる。≒穢溷、濁穢、垢濁〈字源〉
けがれたさま。きたない。〈漢辞海〉
ごたごたしてきたない。人とて人のつながりなどがけがれてにごる。≒濁穢〈漢字源〉
けがれる。〈字通〉"
G0351,2,窮窘,きゅうきん,窘しむ,くる,"≒窮苦
1.貧しく、生活に苦しむさま。
2.苦しみ。難儀。〈漢辞海〉
行きづまって苦しむこと。〈漢字源〉"
G0352,2,貧窶,"ひんく
ひんる",窶れる,やつ,"まずしさのためにやつれること。〈漢字ペディア〉
貧乏でやつれること。〈漢字源〉
やつれ。〈字通〉"
G0353,2,邃古,すいこ,邃い,"ふか
おくぶか
とお","おおむかし。≒遂古〈新漢和大字典〉
おおむかし。太古。上古。〈大辞泉〉
1.おおむかし。太古。上古。
2.庭園などが奥深く、きわめて閑静なこと。〈日本国語大辞典〉
おおむかし。〈新大字典〉
はるか昔。〈漢辞海〉"
G0354,2,竦懼,しょうく,竦む,すく,"おそれおののく。おそれすくむ。〈漢辞海〉
おそれおののく。〈漢字源〉
ぞっとしておそれる。≒聳懼〈字源〉
おそれおののくこと。聳懼。≒悚懼〈日本国語大辞典〉"
G0355,2,匱竭,きけつ,竭きる,つ,"中身がつきて、とぼしい。〈漢字源〉
とぼしくしてつく。〈字源〉
乏しく尽きる。〈字通〉"
G0356,2,竭慮,けつりょ,竭くす,つ,"熟考する。〈漢辞海〉
智力を尽くす。〈字通〉"
G0357,2,簇出,"そうしゅつ
ぞくしゅつ",簇がる,むら,"たくさん、むらがりあらわれる。〈漢字源〉
群がり出ること。〈大辞泉〉
むらがり出ること。ぞくしゅつ。〈日本国語大辞典〉"
G0358,2,衒鬻,げんいく,鬻ぐ,ひさ,"実力以上に誇張して自分の才能を売り込む。〈新漢和大字典〉
1.売り払う。たたき売る。衒売。
2.自分を高く売り込む。衒耀。〈漢辞海〉"
G0359,2,弛紊,しぶん,紊れる,みだ,"規律などがゆるみ乱れること。〈漢字源〉
ゆるみみだれること。〈新大字典〉
規律などが乱れたさま。〈漢辞海〉"
G0360,2,絆縁,はんえん,絆す,ほだ,ほだしとなる因縁。〈新大字典〉
G0361,2,絮説,じょせつ,絮い,くど,くどくどと説明すること。わずらわしくのべること。≒絮語、縷説〈漢字ペディア〉
G0362,2,緇素,しそ,緇い,くろ,"1.黒衣と白衣。
2.僧と俗人。≒僧俗〈漢字ペディア〉"
G0363,2,絞縊,こうい,縊る,"くび
くく","首をしめて殺す。≒絞殺、絞戮〈漢辞海〉
くびくくる。〈字源〉
首をくくること。〈新大字典〉"
G0364,2,環繞,かんじょう,繞る,めぐ,"周りをめぐる。とりまく。〈漢辞海〉
まわりを取り巻くこと。囲み巡らすこと。〈大辞林〉
まわりを取り囲む。≒環遶〈漢字源〉"
G0365,2,玩繹,がんえき,繹ねる,たず,"よく意味をたずねもてあそぶ。≒尋繹〈字源〉
書物や文章を詳しく味わって、意味をたどる。〈漢字源〉
よく意味を調べ味わうこと。〈新大字典〉"
G0366,2,籠罩,ろうとう,罩める,こ,"1.魚や鳥を捕らえる竹かご。
2.かごをふせたように盛り上がるさま。
3.まるめこむ。
4.概括する。〈漢辞海〉
1.魚をとらえるたけかご。
2.籠の中に入れたる如くひとまとめにする。〈字源〉"
G0367,2,滑翔,かっしょう,翔る,かけ,"1.鳥が羽ばたきをしないで空を飛ぶこと。
2.上昇気流に乗って、すべるように飛ぶこと。〈漢字ペディア〉"
G0368,2,翦截,せんせつ,翦る,き,"きること。〈新大字典〉
きりたつ。≒翦裁〈字源〉
たち切る。〈字通〉"
G0369,2,障翳,しょうえい,翳す,かざ,"1.おおって光･雨･風などをさえぎる。
2.貴人の姿を隠すためにかざす大きな扇。
3.かげ。くもり。〈漢字源〉
1.覆って日光や風雨をさえぎる。
2.日光をさえぎるのに用いる大きな扇。〈漢辞海〉
覆いかざすこと。かざして光や風雨を防ぐこと。また、覆いかざすもの。〈大辞泉〉"
G0370,2,聊爾,りょうじ,聊か,いささ,"かりそめ。〈字源〉
かりそめに。ふとした思い付きで。〈漢字源〉
かりそめのさま。〈漢辞海〉
1.かりそめ。
2.ぶしつけで失礼なさま。〈漢字ペディア〉"
G0371,2,聘納,へいのう,聘る,めと,"妻を迎える。〈字通〉
礼儀をつくして正式に妻を迎え入れる。〈漢字源〉"
G0372,2,攢聳,さんしょう,聳える,そび,"多くの山が群がって、連なりそびえていること。≒攢竦〈漢字源〉
たたなわる山々。連峰。≒攢峰〈字通〉
山岳などが連続してそびえること。≒攢竦〈新大字典〉"
G0373,2,舐糠,しこう,舐る,ねぶ,"糠をなめる。〈字通〉
ぬかをなめる。〈字源〉"
G0374,2,苟得,こうとく,苟も,いやしく,"得てはならないものを、ごまかして手に入れる。〈漢辞海〉
本来得てはならないものをごまかして自分のものとする。〈漢字源〉
ごまかしても手に入れる。〈字通〉"
G0375,2,鱗萃,りんすい,萃まる,あつ,"うろこのように、多くのものが並び集まる。≒鱗集〈漢辞海〉
うろこのように多くのものが寄り集まる。≒鱗集、隣萃〈漢字源〉
うろこの如く多くつらなりあつまる。群集するにたとえる。≒鱗集〈字源〉"
G0376,2,藉手,しゃしゅ,藉りる,か,"手をかる。他人の手を借りて我が用をなす。≒借手〈字源〉
手をかす。〈字通〉
1.人に手をかすこと。また、人に品物を贈ること。
2.人手をかりること。たよること。〈新大字典〉"
G0377,2,蟠屈,"ばんくつ
はんくつ",蟠る,"わだかま
めぐ","1.めぐり曲がること。
2.わだかまったまま気が晴れないこと。〈漢字ペディア〉"
G0378,2,蠢爾,しゅんじ,蠢く,うごめ,"小さな虫がうごめくさま。転じて、取るに足りない者たちがうようよと集まり騒ぐさま。〈大辞泉〉
小虫のうごめくさま。事理をわきまえず不遜なるさま。〈字源〉
異民族などが無知で、危険なさま。〈漢辞海〉
小虫のうごめくさま。また、事理をわきまえないさま。〈新大字典〉"
G0379,2,蠕動,"ぜんどう
じゅどう",蠕く,"うごめ
うご","1.うごめくこと。虫が動くこと。≒蠢動
2.筋肉が収縮してできる波が徐々に動いていく運動。消化器官などに見られる。蠕動運動。〈漢字ペディア〉"
G0380,2,衒耀,げんよう,衒う,てら,自分の才能や学問を実力以上に誇示すること。〈漢字ペディア〉
G0381,2,怪訝,"けげん
かいが",訝る,いぶか,理由･事情がわからず合点がいかないこと。あやしみ、いぶかしく思うこと。≒怪疑、不審〈漢字ペディア〉
G0382,2,詢芻,じゅんすう,詢う,と,下民にたずねること。芻蕘に詢う。〈新大字典〉
G0383,2,誣言,"ふげん
ぶげん",誣いる,し,ありもしないことを偽って言うこと。また、その言葉。誣(し)い言(ごと)。〈漢字ペディア〉
G0384,2,諂笑,てんしょう,諂う,へつら,おせじ笑いをすること。作り笑いをして人にへつらうこと。〈漢字ペディア〉
G0385,2,諷誦,"ふうじゅ
ふうしょう
ふじゅ",諷んじる,そら,(仏)経文などを声を出して読むこと。読経(ドキョウ)。〈漢字ペディア〉
G0386,2,謗木,ぼうぼく,謗る,そし,"尭舜代、朝廷の前に設置し、民に政治への不満を自由に書かせた木。誹謗之木。〈漢辞海〉
投書函。舜が設けたという。〈字通〉"
G0387,2,謫発,たくはつ,謫める,せ,"誤りをせめたてる。〈字通〉
過ちを責めること。〈新大字典〉
せめあばく。〈字源〉"
G0388,2,譏議,きぎ,譏る,そし,"そしって論議すること。欠点をあげて非難すること。そしり。〈日本国語大辞典〉
そしる。非難･批判する。〈漢辞海〉"
G0389,2,取譬,しゅひ,譬える,たと,"1.他のことをもってきてたとえる。
2.基準とすべき例とする。〈漢字源〉
たとえを引く。〈字通〉
たとえを引くこと。〈新大字典〉"
G0390,2,貽厥,いけつ,貽す,のこ,"1.留める。伝える。
2.天子の位を伝える。
3.子孫。「貽厥子孫」→「その子孫に貽(ﾉｺ)す」の後半を省略してできた語。〈漢辞海〉
子孫。≒詒厥〈新漢和大字典〉
孫。または子孫に残すはかりごと。〈日本国語大辞典〉
子孫。｢詒(＝貽)厥孫謀｣→｢その孫謀を詒(＝貽:ﾉｺ)す」から。≒詒厥〈漢字源〉"
G0391,2,褒貶,ほうへん,貶す,けな,"ほめることとけなすこと。〈漢字ペディア〉
ほめると、そしる。毀誉褒貶。〈漢辞海〉
ほめることとけなすこと。事のよしあしを言うこと。〈大辞泉〉"
G0392,2,貶忽,へんこつ,貶む,さげす,軽視する。〈字通〉
G0393,2,贏儲,えいちょ,贏る,あま,"あまりあるたくわえ。≒余儲〈字源〉
余分なたくわえ。〈漢辞海〉
あまるほどあるたくわえ。〈漢字源〉"
G0394,2,贖罪,しょくざい,贖う,あがな,"1.金品を出して罪を免れること。
2.罪ほろぼしをすること。
3.キリスト教の教義の一つ。キリストが十字架にかかり、人々の罪をあがなったこと。〈漢字ペディア〉"
G0395,2,顚跌,てんてつ,跌く,つまず,"≒顚蹶、顚躓
1.つまずいて倒れる。
2.苦しみあえぐ。
3.失敗する。壊滅する。
4.考えや行動が正常でなくなる。〈漢辞海〉
つまずきたおれる。≒顚躓、顚蹶、顚覆〈字源〉
つまずきたおれること。〈新大字典〉
ころび倒れること。転倒。転じて、しくじること。失敗すること。≒転跌〈日本国語大辞典〉"
G0396,2,跪捧,きほう,跪く,ひざまず,"ひざまずきてささげる。〈字源〉
ひざまずいてささげること。〈新大字典〉"
G0397,2,跼足,きょくそく,跼る,せぐくま,"1.足をかがめる。
2.足を上げる。短い時間をいう。〈漢辞海〉
足をかがめる。〈漢字源〉
足をかがめて事の到来を待つ意。〈新大字典〉"
G0398,2,踞侍,きょじ,踞る,うずくま,"うずくまって側にひかえる。〈漢字源〉
うずくまり側に控えること。〈新大字典〉"
G0399,2,蹙眉,しゅくび,蹙める,しか,"1.両眉の間をしかめる。
2.間のつまった眉。〈漢字源〉
1.眉の間が狭いこと。
2.眉をよせる。顔をしかめること。〈新大字典〉"
G0400,2,蹶躓,けっち,蹶れる,たお,"つまずく。つまずいてたおれる。〈漢字源〉
つまづく。〈字源〉
つまずくこと。つまずき倒れること。〈新大字典〉"
G0401,2,蹲鴟,そんし,蹲る,うずくま,"1.芋。うずくまった鴟(ﾌｸﾛｳ)に形が似ていることから。
2.橋の柱の下の砂の中に入れる横木。
3.指で拳をやるときの親指。〈新漢和大字典〉
サトイモの別称。鴟(ﾌｸﾛｳ)がうずくまっている形に似ているのでいう。〈漢辞海〉
芋の異名。芋頭の形の似たるが故。〈字源〉"
G0402,2,頓躓,とんち,躓く,つまず,"たおれつまずくこと。〈新大字典〉
1.つまずいてたおれる。
2.行き詰まる。苦しい状態になる。
3.侮辱し、いたぶる。〈漢辞海〉
1.たおれつまずく。≒顚躓
2.人の窮困の境におるにたとえる。〈字源〉"
G0403,2,軋轢,あつれき,轢る,きし,"関係が悪くなること。仲がこじれること。不和。〈漢字ペディア〉
仲が悪くなること。〈大辞泉〉
1.車輪がすれあってきしる。
2.きしみあい。つぶしあい。不和になる。反目する。人と人との間の仲たがい。〈新漢和大字典〉"
G0404,2,輾転,てんてん,輾る,めぐ,"1.車輪が回転すること。
2.不安や悩みのために、眠れずに寝返りを打つこと。〈漢字ペディア〉"
G0405,2,逼邇,"ひつじ
ひょくじ",邇い,ちか,"1.近臣。
2.せまる。近づく。〈漢辞海〉
近づく。〈字通〉"
G0406,2,逞志,ていし,逞しい,たくま,"自分の思うままに振る舞う。〈漢字源〉
志をたくましくすること。思うがままにすること。〈新大字典〉
志のままに振る舞う。〈字通〉"
G0407,2,遐邇,かじ,遐い,とお,"とおきと、ちかきと。≒遠近〈字源〉
遠い所と、近い所。遠近。〈新漢和大字典〉
遠い所と近い所。〈漢辞海〉"
G0408,2,逾紀,ゆき,逾える,こ,"二十年をこえる。二十歳をこえる。〈漢辞海〉
二十歳過ぎ。〈字通〉"
G0409,2,肥遯,ひとん,遯れる,"のが
かく","ゆったりと世をのがれる。〈字通〉
心がゆったりとして世を逃れかくる。≒高隠〈字源〉
心をゆったりとさせて、世俗から逃げかくれる。≒肥遁〈漢辞海〉
心に余裕をもって、俗世間を離れて住むこと。≒肥遁〈漢字源〉"
G0410,2,忽遽,こっきょ,遽か,にわ,"にわか。にわかに。≒卒遽〈字源〉
にわか。にわかに。〈新大字典〉
にわかに。〈字通〉"
G0411,2,急遽,きゅうきょ,遽しい,あわただ,"1.急に物事が行われるさま。
2.あわただしく事を行うさま。いそいで。にわかに。〈大辞泉〉
大急ぎで。あわただしく。突然に物事をするようす。〈漢字ペディア〉
あわただしい。〈漢辞海〉
1.あわてる。
2.(国)情勢が変化したため、あわてておこなうさま。にわかに大急ぎで。〈漢字源〉"
G0412,2,鄙諺,ひげん,鄙しい,いや,"世間で言われていることわざ。≒俚諺〈漢字ペディア〉
世間のことわざ。≒鄙語〈漢辞海〉"
G0413,2,醂柿,りんし,醂す,"さわ
あわ","酒を使って渋を去ったたる柿。〈新漢和大字典〉
さわしがき。〈漢辞海〉"
G0414,2,銜尾,"かんび
がんび",銜える,くわ,"前の馬の尾を、後ろの馬がくわえる。また、前の馬と後ろの馬のくつわが接する意。〈新大字典〉
連なる。〈字通〉"
G0415,2,鏤氷,"ろうひょう
るひょう",鏤める,ちりば,"氷にきざみつける。無駄な努力をすることのたとえ。〈漢字源〉
氷に刻みつける。無益な労力を費やすたとえ。〈漢辞海〉
こおりにちりばむ。労して功なきにたとえる。〈字源〉"
G0416,2,鑠金,"しゃっきん
しゃくきん",鑠かす,と,"焼けて真っ赤に溶けた金属。〈漢字源〉
金をとかす。また、美しい金。〈字通〉
1.美しい黄金。一説に、熱で溶解した金。
2.金を溶かすこと。勢いのはげしいことのたとえ。〈新大字典〉
1.金をとろかす。
2.美くしき金。〈字源〉"
G0417,2,闡済,せんさい,闡く,ひら,"ひらき導いて成し遂げること。〈新大字典〉
ひらきみちびいて成し遂げる。〈字源〉"
G0418,2,陟方,ちょくほう,陟る,のぼ,"天子が四方視察の旅にのぼる。一説に、天子が天にのぼる。死ぬ。〈漢字源〉
1.天子が国内視察に出る。
2.天子が天にのぼる。天子の死をいう。〈漢辞海〉
天子の崩御。天に昇る義。≒升遐、登遐〈字源〉"
G0419,2,霍然,かくぜん,霍か,にわ,"≒霍焉
1.すみやかなさま。すばやいさま。たちまち。
2.広々として大きいさま。〈漢辞海〉
≒霍焉
1.ぱっと消え失せるさま。ぱっと飛び立つさま。
2.はやいさま。にわかに。
3.広々として大きいさま。≒廓然〈漢辞海〉
にわかに消え失せるさま。〈字源〉"
G0420,2,霎時,しょうじ,霎し,しば,"しばらくの間。ちょっとの間。暫時。副詞的にも用いる。〈大辞泉〉
片時。〈字通〉
ほんの少しの間。しばし。≒暫時〈漢字ペディア〉"
G0421,2,虔鞏,けんきょう,鞏い,かた,"堅固にする。〈字通〉
かたし。≒鞏固〈字源〉
かたいこと。〈新大字典〉"
G0422,2,韜面,とうめん,韜す,かく,"すぐれたる才能をつつみかくす。〈字源〉
すぐれていることをつつみ隠すこと。〈新大字典〉"
G0423,2,至竟,しきょう,竟に,つい,"結局。とどのつまり。〈漢字源〉
結局。つまり。〈漢辞海〉
つまり。結局。≒究竟〈字源〉"
G0424,2,期頤,きい,頤う,やしな,"百歳の齢。〈字源〉
百歳。〈漢辞海〉
百歳の人。期は求める、頤は養。養いを求める意。一説に、期はひとめぐり。人寿百年をひとめぐりとして、飲食居所すべて人に養われるので頤という。〈新大字典〉"
G0425,2,頷首,がんしゅ,頷く,うなず,"うなずいて承知する。≒頷可〈漢辞海〉
うなずいて承知したという気持ちを示す。≒頷可〈漢字源〉
うなずいて許す意を示す。〈字源〉"
G0426,2,頽虧,たいき,頽れる,くず,"くずれかける。〈字源〉
くずれてかけること。〈新大字典〉
崩れる。〈字通〉"
G0427,2,顫動,せんどう,顫える,ふる,寒さや恐れのために、小刻みにふるえて動くこと。〈漢字ペディア〉
G0428,2,凍餒,"とうだい
とうたい",餒える,う,"こごえることと飢えること。生活に苦しむこと。〈大辞泉〉
飢えたり凍えたりする。生活がきびしいことをいう。≒凍餓、凍飢〈漢辞海〉
凍え、飢える。衣食が欠乏する。≒凍餓、凍飢〈漢字源〉"
G0429,2,餮饕,てっとう,餮る,むさぼ,"悪獣の名。古銅器の文様に饕餮文(ﾄｳﾃﾂﾓﾝ)があり、おおむね器の鼻梁を中心とした虎の展開図を用いる。饕餮は虎を文様化したものであろう。≒饕餮〈字通〉
欲深く貪ること。〈新大字典〉"
G0430,2,饒贍,じょうせん,饒か,ゆた,"ゆとりがある。ゆたかで充分に足りる。≒饒給、饒足〈漢字源〉
豊かで充分に満ち足りる。≒饒足〈漢辞海〉
ゆたかに足る。〈字源〉
豊で多いこと。〈新大字典〉"
G0431,2,震駭,しんがい,駭く,おどろ,おどろきふるえあがること。〈漢字ペディア〉
G0432,2,騙取,へんしゅ,騙る,かた,だまし取ること。≒詐取〈漢字ペディア〉
G0433,2,驕泰,きょうたい,驕る,おご,"おごって、勝手気ままに行動する。〈漢辞海〉
おごり高ぶって、自分勝手なふるまいをすること。≒驕汰(ｷｮｳﾀｲ)〈漢字源〉
たかぶりおごること。〈新大字典〉"
G0434,2,驟雨,しゅうう,驟か,にわ,突然降り出してすぐにやんでしまう雨。雷が鳴り、雷雨となるものが多い。夕立やにわか雨。〈漢字ペディア〉
G0435,2,屛居,へいきょ,屛ける,しりぞ,"1.家の一室に引きこもっていること。
2.世の中からしりぞいて家にいること。≒隠居〈漢字ペディア〉"
G0436,2,拋擲,ほうてき,拋つ,なげう,なげうつこと。ほうってしまうこと。うち捨てること。顧みないこと。≒放棄〈漢字ペディア〉
G0437,2,旰昃,かんしょく,旰れる,く,"1.日暮れ。
2.日暮れまで政務に励むこと。〈漢字源〉
ひぐれ。遅くまで政務につとめる。〈字通〉"
G0438,2,流歠,りゅうせつ,歠る,すす,"水の流れる如くむさぼりすする。〈字源〉
一気に飲みほす。〈漢辞海〉
水の流れるような音をたてて汁を吸う。〈漢字源〉"
G0439,2,逬散,ほうさん,逬る,"ほとばし
はし","ほとばしりちる。〈字源〉
1.水や光がほとばしり出る。
2.ちりぢりに逃げる。〈漢辞海〉
光や水がほとばしり散る。いっせいに飛び散る。〈漢字源〉
ほとばしり散ること。〈新大字典〉"
G0440,3,虔劉,けんりゅう,虔う,うば,"略奪したり、殺したりする。〈漢辞海〉
無理に奪い取ったり、殺したりする。〈漢字源〉"
G0441,3,饋饌,きせん,饋める,すす,"目上の人にすすめるご馳走。〈漢字源〉
目上の人にすすめるごちそう。
★饌（そなえもの）"
G0442,3,丐命,かいめい,丐う,こ,"命の助かることを願う。助命を求めること。≒乞命〈新漢和大字典〉
命ごい。〈字通〉"
G0443,3,丕祚,ひそ,丕きい,おお,"天子の位。≒宝祚〈字源〉
1.天子の位。宝祚。
2.血筋。〈漢辞海〉"
G0444,3,丕然,ひぜん,丕ける,う,敬い仕えるさま。〈新大字典〉
G0445,3,乂鋤,がいじょ,乂る,か,雑草などをすき取ること。〈新大字典〉
G0446,3,乖僻,かいへき,乖る,もと,"そむきひがむこと。〈新大字典〉
ねじける。みだれる。〈字通〉"
G0447,3,亢進,こうしん,亢る,たかぶ,精神や神経がたかぶり、病状などが進行すること。≒高進、昂進〈漢字ペディア〉
G0448,3,亢礼,こうれい,亢たる,あ,"対等の礼。〈字通〉
対等の礼を行うこと。相手と同等の権威を保つこと。〈新大字典〉
同じ礼節で相対する。互いに対等の資格であることを意味する。〈漢辞海〉"
G0449,3,亢鼻,こうび,亢い,たか,高くそりかえった鼻。〈字通〉
G0450,3,仍孫,じょうそん,仍なる,かさ,自分から数えて七代目の孫。〈漢字ペディア〉
G0451,3,殪仆,えいふ,仆れる,たお,たおれ死す。〈字源〉
G0452,3,間廁,かんし,廁じる,ま,"物が入り交じる。〈漢辞海〉
いりまじる。〈字源〉"
G0453,3,疇昔,ちゅうせき,疇に,さき,"1.昨日。
2.先日。昔。〈漢字ペディア〉"
G0454,3,経綸,けいりん,綸める,おさ,国家を治め整えること。また、その施策。〈漢字ペディア〉
G0455,3,脩謁,しゅうえつ,脩める,おさ,お目にかかる。〈漢辞海〉
G0456,3,狷忿,"けんぷん
けんふん",忿る,いか,"心せまく怒りやすい。〈字通〉
心が狭くて、おこりっぽい。〈漢字源〉"
G0457,3,靠幫,こうほう,幫ける,たす,助け合う。〈字通〉
G0458,3,僂指,"ろうし
るし",僂げる,ま,"指を折って数えること。〈大辞泉〉
指折り数える。一説に、素早くさし示して述べる。〈漢字源〉
指折り数えること。また、速やかに指し示して述べること。〈漢字ペディア〉"
G0459,3,淡妝,"たんしょう
たんそう",妝い,よそお,"あっさりとしたよそおい。薄化粧。≒淡粧〈日本国語大辞典〉
薄化粧。≒淡粧〈漢辞海〉"
G0460,3,踞敖,きょごう,踞る,おご,"おごりたかぶるさま。≒踞傲〈漢辞海〉
おごりたかぶる。≒踞傲、倨敖〈漢字源〉"
G0461,3,銷骨,しょうこつ,銷かす,と,"1.讒言の害が甚だしい形容。銷鑠。
2.深く悲しむ。〈漢辞海〉
堅き骨も消えてなくなる。讒言の害の甚だしきにいう。〈字源〉
骨をとかす。芯までむしばむ。讒言の害が激しいことをあらわす。〈漢字源〉"
G0462,3,靦汗,てんかん,靦じる,は,"恥じて汗を流すこと。〈新大字典〉
恥じて冷や汗を流す。〈漢辞海〉"
G0463,3,俛仰,ふぎょう,俛せる,ふ,"1.うつむいたり仰いだりする。
2.上がったり下がったりする。
3.応対する。相手になる。〈漢辞海〉
≒俯仰
1.うつむいたり、あおいだりすること。
2.たちいふるまい。〈漢字源〉
うつむくと、あおむくと。≒俯仰〈字源〉"
G0464,3,麕至,"くんし
きんし",麕がる,むら,"むらがってやって来ること。むらがり集まること。〈漢字ペディア〉
群れるようにくる。〈字通〉"
G0465,3,筮竹,ぜいちく,筮い,うらな,うらないに用いる、上は丸く下は四角の細い竹の棒。めどぎ。〈漢字ペディア〉
G0466,3,籌筴,ちゅうさく,籌る,はか,"はかりごと。また、はかりごとをめぐらすこと。≒籌画、籌略、籌策〈漢字ペディア〉
はかりごと。たくらみ。≒籌策〈字通〉"
G0467,3,悴顔,すいがん,悴れる,やつ,"やつれた顔。〈字通〉
やつれたる顔。〈字源〉"
G0468,3,皁絹,そうけん,皁い,くろ,黒絹。〈字通〉
G0469,3,扛鼎,こうてい,扛げる,あ,"鼎(ｶﾅｴ)を持ち上げること。転じて、力の極めて強いこと。〈日本国語大辞典〉
かなえを担ぎ上げる。非常に力が強いことのたとえ。〈漢字源〉"
G0470,3,痛哭,つうこく,哭く,な,激しく声を上げて泣くこと。ひどく嘆き悲しむこと。≒痛嘆〈漢字ペディア〉
G0471,3,姸蚩,けんし,蚩い,みにく,"美しいことと醜いこと。また、好ましいことと憎たらしいこと。美醜。〈漢字源〉
美しいことと醜いこと。美醜。〈日本国語大辞典〉"
G0472,3,甄陶,けんとう,甄る,つく,"1.土をこねて陶器をつくる。
2.転じて、天地が万物を作る。
3.君主が人民を教え導く。〈漢字源〉
造化のはたらき。〈字通〉"
G0473,3,儲峙,ちょじ,峙える,"そな
たくわ","1.たくわえる。
2.たくわえ。備え。〈漢辞海〉
たくわえて、とっておく。また、たくわえ。〈漢字源〉"
G0474,3,曠官,こうかん,曠しい,むな,"1.能力不相応にその役職にいるさま。
2.官位を空席にしておく。〈漢辞海〉
官吏の職にありながらその職責を果たしていないこと。〈日本国語大辞典〉"
G0475,3,喋血,ちょうけつ,喋む,ふ,"血をふむ。おびただしい流血の形容。戦争の激しいことを言う。〈新大字典〉
血を踏んで、足の裏についた血が地面にペタペタとくっつくさま。〈漢字源〉
流血。流血をふむ。〈字通〉
戦争や殺人で血の海となる。〈漢辞海〉"
G0476,3,仗義,じょうぎ,仗る,よ,"正義によって行動する。〈漢辞海〉
正しい道筋によって物事を行う。〈漢字源〉"
G0477,3,隕泗,いんし,隕ちる,お,"涙を流すこと。〈新大字典〉
なみだをおとす。≒隕涕、垂泗、流涕〈字源〉
涙がぽろぽろとこぼれる。泣いて涙を流すこと。≒隕涕、隕涙〈漢字源〉"
G0478,3,茹葷,じょくん,茹う,く,"にら･にんにくなどの、においの強い野菜を食べる。〈漢字源〉
くさいにおいのする野菜を食べる。のち、肉や魚を食べる。〈漢辞海〉
臭菜をくらう。〈字源〉"
G0479,3,洒心,さいしん,洒う,あら,"心をあらい清める。〈漢字源〉
心を清める。〈漢辞海〉
心をあらう。〈字源〉"
G0480,3,燎毛,りょうもう,燎く,や,"毛を焼く。きわめて容易なことのたとえ。〈漢辞海〉
髪の毛を焼く。はなはだ容易なことのたとえ。≒燎髪〈漢字源〉"
G0481,3,謳頌,おうしょう,頌える,たた,"徳を歌いたたえる。また、その歌。〈漢辞海〉
徳をたたえる歌。〈漢字源〉"
G0482,3,覯閔,こうびん,覯う,あ,"悲しい目にあう。〈字通〉
憂えにあう。〈字源〉"
G0483,3,湮厄,いんやく,湮ぐ,ふさ,"落ちぶれて苦しむ。困りきる。≒湮阨〈漢辞海〉
不幸。≒湮阨〈漢字源〉"
G0484,3,湮替,いんたい,湮む,しず,"衰える。〈字源〉
落ちぶれかわること。また、すてること。すたれること。〈新大字典〉"
G0485,3,駐紮,ちゅうさつ,紮まる,とど,"官吏がその任地にとどまり居る。≒駐箚、駐在〈字源〉
≒駐箚
1.軍隊がある場所にとどまる。駐屯。
2.官吏が任地に派遣され、滞在する。〈漢辞海〉"
G0486,3,耽湎,"たんめん
たんべん",湎れる,おぼ,酒色にふけり、おぼれること。〈漢字ペディア〉
G0487,3,盪舟,とうしゅう,盪かす,うご,"1.舟を陸上で押し動かす。
2.舟をこぐ。〈漢辞海〉
手を以て船をうごかし移し行る。〈字源〉
1.舟を陸上でうごかし移す。
2.舟をひどくゆさぶる。〈漢字源〉"
G0488,3,舒嘯,じょしょう,舒やか,ゆる,"声を長く引いて歌う。〈漢辞海〉
1.のんびりと詩などを口ずさむ。
2.口笛を吹く。〈漢字源〉
ゆるやかに口ずさむ。また、ゆるやかに口笛を吹くこと。〈新大字典〉"
G0489,3,俯就,ふしゅう,俯せる,ふ,"1.自己を屈して人に従う。
2.自己を屈して不本意な職に就く。〈漢辞海〉
1.自分の主義や主張などを無理に変えて他人に従うこと。
2.自分より身分の低い者の意見に従うこと。
3.あやまる。
4.自分の態度などを変えていやしい職に就くこと。〈漢字源〉"
G0490,3,傅粉,ふふん,傅く,つ,"おしろいを附ける、化粧する。≒施粉、加粉〈字源〉
おしろいをつける。〈漢辞海〉
白粉をつける。化粧すること。〈新大字典〉"
G0491,3,磔禳,たくじょう,磔く,さ,"生贄の動物の体を引き裂いて供え、災いをはらう。≒磔攘〈漢辞海〉
犬や家畜の体を引き裂いて神に供え、災いがふりかからないように祈ること。≒磔攘〈漢字源〉"
G0492,3,貪悋,"たんりん
どんりん",悋しむ,お,欲が深くけちなこと。≒貪吝〈漢字ペディア〉
G0493,3,慳嗇,けんしょく,嗇しむ,お,"物惜しみするさま。また、そのこと。また、その人。≒慳吝、慳悋、慳惜〈漢辞海〉
やぶさか。しわし。〈字源〉
むさぼりおしむこと。しみったれ。≒慳悋、慳吝〈新大字典〉"
G0494,3,喘噎,"せんえつ
ぜんえつ",喘く,せ,"せきこんで呼吸が苦しくなる。〈漢辞海〉
むせぶ。〈字通〉
せきこんでむせぶ。〈漢字源〉
せきむせぶ。〈字源〉
せきこんでむせぶ。〈新大字典〉"
G0495,3,耆碩,きせき,耆いる,お,"学問があって徳望の高い老人。〈新漢和大字典〉
年老いて学徳ある人。〈字通〉
学徳が高く、人望がある年寄り。≒耆宿、耆儒〈漢辞海〉"
G0496,3,塡噎,てんえつ,噎がる,ふさ,"ふさがる。ひしめく。人や物で埋め尽くすさま。押し合いへし合いするさま。≒塡咽〈漢辞海〉
ひしめきあう。≒塡咽〈字通〉"
G0497,3,嬾惰,らんだ,嬾る,おこた,"なまけるさま。〈漢辞海〉
なまける。〈漢字源〉
ものうくおこたる。なまける。懶惰。〈新大字典〉"
G0498,3,豊悴,ほうすい,悴れる,やつ,"物事が盛んなことと、衰えること。盛衰。≒豊瘁〈漢字源〉
さかんなると、やつれると。盛衰の義。〈字源〉"
G0499,3,放懶,ほうらん,懶る,おこた,"ものぐさ。〈字通〉
怠ってほしいままなこと。〈新大字典〉"
G0500,3,憫黙,びんもく,憫える,うれ,"うれえてものをいわないさま。〈漢字源〉
沈み悲しむ。〈字通〉
深い感慨のために、おしだまる。〈漢辞海〉"
G0501,3,擺撥,はいはつ,撥く,のぞ,"振り捨てる。払いのける。〈漢辞海〉
払いのけ、振り捨てる。また、ほうっておいて相手にしない。〈漢字源〉
ひらきすてる。〈字源〉"
G0502,3,撥乱,はつらん,撥める,おさ,"乱れた世の中を治めること。〈大辞泉〉
乱を治める。〈字通〉"
G0503,3,擣虚,とうきょ,擣く,つ,"隙に乗じて攻めること。〈新大字典〉
敵の備えなき隙間に衝き入る。〈字源〉
隙をうつ。〈字通〉"
G0504,3,擯介,ひんかい,擯く,みちび,"主人と客の間に立って、案内し世話する人。介添え。≒擯相、擯詔〈漢辞海〉
主人の間に立って、案内し介添えする人。取り持ち役。≒擯相、擯詔〈漢字源〉
主人と客との間に立ちて周旋する者。〈字源〉
主人と客との間に立って周旋する者。主人側のものを擯といい、客側をの者を介という。〈新大字典〉"
G0505,3,攀桂,はんけい,攀く,ひ,"月の世界に生えているかつらを取る。科挙に合格することのたとえ。また、立身出世することのたとえ。〈漢字源〉
月中の桂樹を取る。科挙に合格する。〈字通〉"
G0506,3,和煦,わく,煦かい,あたた,春の日の、のどかで暖かなこと。〈漢字ペディア〉
G0507,3,攣拘,れんこう,攣かる,か,"つなぎしばられる。束縛される。〈漢字源〉
つなぎ縛られる。束縛される。〈漢辞海〉
束縛する。〈字通〉"
G0508,3,暈目,うんもく,暈む,くら,目をくらます。〈字通〉
G0509,3,欹案,きあん,欹ける,かたむ,"見台。〈新大字典〉
書物を置いて見るために斜めに傾けて作った台。見台。〈日本国語大辞典〉"
G0510,3,湮殄,いんてん,殄つ,た,"ほろびたえる。≒湮滅〈字源〉
絶える。〈字通〉"
G0511,3,殄瘁,てんすい,殄く,ことごと,"みな疲れ苦しむ。〈字通〉
病み、疲れる。人口が減り、国力が衰退する。〈漢辞海〉
病みつかれてほろぶ。〈字源〉
やみ疲れる。人口が減少し国力が衰えること。〈漢字源〉"
G0512,3,殫見,たんけん,殫く,ことごと,"ことごとく見ること。見聞の極めて広いことをいう。〈新大字典〉
見つくす。〈字通〉"
G0513,3,殷軫,いんしん,殷い,おお,"人数が多く盛んなさま。〈漢辞海〉
盛んににぎわし。衆多なるさま。〈字源〉"
G0514,3,殷富,いんぷ,殷い,おお,栄えて豊かなこと。〈漢字ペディア〉
G0515,3,沽酒,こしゅ,沽う,か,"1.買った酒。店売りの酒。
2.酒を売る。〈漢辞海〉
1.酒を売ること。
2.買った酒。店で売っている酒。〈新大字典〉"
G0516,3,毀泯,きびん,泯きる,つ,"すっかりなくなる。〈漢辞海〉
滅びる。〈字通〉"
G0517,3,渥洽,"あくこう
あっこう",洽す,うるお,"手厚い恵み。厚恩。〈漢辞海〉
あつきめぐみ。うるおい。
恩恵があまねくいきわたる。〈漢字源〉"
G0518,3,喀血,かっけつ,喀く,は,"肺･気管支などから血を吐くこと。〈漢字源〉
肺などから血を吐く。〈漢辞海〉
血をはくこと。特に肺や気管支の血をはくこと。〈漢字ペディア〉"
G0519,3,采纈,さいけつ,纈り,しぼ,"いろどれるしぼり。〈字源〉
しぼり染。〈字通〉"
G0520,3,浚塹,"しゅんざん
しゅんせん",浚い,ふか,"ほりをさらって深くすること。また、深いほり。〈新大字典〉
ほりをふかくす。又、ふかきほり。〈字源〉"
G0521,3,浹辰,しょうしん,浹る,めぐ,"十二日間。十二支の子から亥までのひと巡りの意。〈漢辞海〉
十二日間。十二支の子から亥までのひとめぐりの意。〈漢字源〉
十二支一巡。十二日。〈字通〉
一二日間。短時日の間の意にも用いる。〈日本国語大辞典〉"
G0522,3,流浹,りゅうしょう,浹う,うるお,"あまねくうるおうこと。〈新大字典〉
あまねくうるおう。≒流洽〈字源〉"
G0523,3,渾深,こんしん,渾る,にご,"濁りてふかし。〈字源〉
清濁まじって深いこと。〈新大字典〉"
G0524,3,渾金,こんきん,渾じる,ま,"まざりもののあるかね。あらがね。〈字源〉
精錬していない金属。あらがね。〈新大字典〉"
G0525,3,沈澹,ちんたん,澹か,しず,"落ち着きて心が静か。〈字源〉
淡白。〈字通〉"
G0526,3,瀉痢,しゃり,瀉く,は,腹をくだすこと。下痢。〈漢字ペディア〉
G0527,3,灑兵,さいへい,灑う,あら,武器を洗う。戦争をやめる。〈字通〉
G0528,3,燻浴,くんよく,燻べる,"ふす
くす",香を以てくすべ、湯あみする。虜囚を解くときなどの復生の儀礼。釁浴。〈字通〉
G0529,3,爛発,らんぱつ,爛やか,あざ,"1.花などが見事に咲いていること。
2.色つやがかがやくように美しいこと。〈新大字典〉
1.盛んにおこる。
2.花が盛んに開く。≒爛開〈字源〉
1.盛んに起こること。
2.あざやかに現れること。また、そのさま。〈漢字ペディア〉"
G0530,3,浮靡,ふび,靡る,おご,"かるはずみではでやか。〈字源〉
軽々しく、派手なさま。〈漢辞海〉
はでで美しい。〈字通〉
軽はずみで派手なこと。〈新大字典〉"
G0531,3,狎玩,こうがん,狎る,あなど,"なれてあなどる。≒狎翫〈漢辞海〉
なれなれしくしてもてあそぶ。≒狎翫〈漢字源〉"
G0532,3,羸師,るいし,羸れる,つか,"つかれてよわった軍隊。〈漢字源〉
1.敵に、弱ったと見せかける。
2.弱った軍隊。〈漢辞海〉
つかれたる弱き兵。≒羸兵〈字源〉
つかれ弱った兵。〈字通〉"
G0533,3,眇軀,びょうく,眇さい,ちい,"小さいからだ。〈字通〉
小さなからだ。≒眇身〈漢辞海〉
小さなからだ。自分をへりくだっていうことば。≒眇身〈漢字源〉
短小なからだ。〈新大字典〉"
G0534,3,逆睹,"ぎゃくと
げきと",睹る,み,あらかじめ見通しをつけること。〈漢字ペディア〉
G0535,3,瞑色,めいしょく,瞑い,くら,"夕暮れのような、薄暗い色合い。≒暮色、冥色〈漢字ペディア〉
暮色。〈字通〉
暗い色。薄暮などにいう。〈新大字典〉"
G0536,3,稟請,"りんせい
ひんせい",稟す,もう,"申し上げて請求すること。≒申請〈漢字ペディア〉
上役や上部機関などに申し出て請求すること。申請。〈大辞泉〉"
G0537,3,穢薈,わいわい,穢れる,あ,"雑草が生い茂ること。〈新大字典〉
雑草で荒れ果てる。〈字通〉"
G0538,3,困窶,こんく,窶しい,まず,"貧乏に苦しむこと。〈新大字典〉
くるしみてまずし。〈字源〉"
G0539,3,竦慕,しょうぼ,竦む,つつし,"つつしみしたう。≒景慕、仰慕、欽慕〈字源〉
つつしみ慕う。うやまい慕う。〈漢辞海〉
つつしみ慕うこと。〈新大字典〉
景慕する。〈字通〉
敬い、つつしんで慕う。≒景慕、仰慕〈漢字源〉"
G0540,3,戦竦,せんしょう,竦れる,おそ,"ふるえおそれること。戦慄。≒戦悚〈日本国語大辞典〉
おののき恐れてすくむ。≒戦悚〈字源〉
ふるえおそれること。〈新大字典〉≒戦悚"
G0541,3,峻竦,しゅんしょう,竦える,そび,"そびえる。そそり立つ。〈漢辞海〉
聳える。〈字通〉
たかくそびゆ。〈字源〉
高くそびえること。〈新大字典〉"
G0542,3,竭沢,けったく,竭れる,か,"さわの水をほす。〈字源〉
涸沢。〈字通〉"
G0543,3,竭至,けっし,竭く,ことごと,ことごとく来る。〈字通〉
G0544,3,稀稠,きちゅう,稠い,おお,"まばらなことと、密集していること。疎密。〈漢辞海〉
まばらなことと、密集していること。≒希稠〈漢字源〉"
G0545,3,籠絆,ろうはん,絆ぐ,つな,"しばりて自由をさせぬ。≒羈絆〈字源〉
拘束される。〈漢辞海〉
しばりつけて、自由にさせない。〈漢字源〉"
G0546,3,緇塵,しじん,緇む,くろ,"ちりに汚れること。奔走して風塵に衣服がけがれること。転じて、世俗の塵埃によごれること。〈日本国語大辞典〉
黒いちり。世俗の汚れ。〈漢辞海〉
1.僧衣が俗世のちりにけがれる。
2.俗世間の見にくい事柄のたとえ。〈漢字源〉"
G0547,3,綰髪,わんぱつ,綰ぶ,むす,括り髪。〈字通〉
G0548,3,繞繚,じょうりょう,繞わる,まつ,"まつわりめぐる。〈漢辞海〉
まつわりつく。≒繚繞〈漢字源〉
めぐりまとふ。≒繚繞〈字源〉"
G0549,3,繞梁,じょうりょう,繞う,まと,"歌声が美しく余韻がいつまでも続くこと。歌姫韓娥（カンガ）の歌声の余韻が、三日間も梁（うつばり）のあたりにまつわりついて消えなかった故事から。〈漢辞海〉
歌声の微妙なるを称する故事。〈字源〉
1.音色が梁にまといつく。歌う声が美しく、余韻が絶えないこと。
2.琴の名。〈漢字源〉"
G0550,3,圜牆,えんしょう,圜い,まる,"牢獄。土を突き固めて牆を高くめぐらす形が、まるいということである。≒圜土（エンド）〈漢辞海〉
ひとや。まろく囲みたる牢獄。≒圜土〈字源〉
1.まるく囲ったへい。
2.牢屋。≒圜土〈漢字源〉
ひとや。〈字通〉"
G0551,3,翔集,しょうしゅう,翔ぶ,と,"1.鳥などが、樹上などにとび集まること。また、群れをなしてとぶこと。
2.かけ回って集めること。広く集めること。〈漢字ペディア〉"
G0552,3,翦夷,せんい,翦ぼす,ほろ,"滅ぼし平定する。全滅させる。≒剪夷〈漢字源〉
きり平らげること。〈新大字典〉
うち平らげる。〈字通〉"
G0553,3,繊翳,せんえい,翳り,"かげ
くも","空のわずかなかげり。世の中の心配事のたとえとしても用いる。〈漢字源〉
わずかのくもり。ちょっとしたかげ。〈日本国語大辞典〉
わずかな、くもりやかげ。〈漢辞海〉
すこしのくもり。〈字源〉"
G0554,3,翳目,えいもく,翳む,かす,目がかすむこと。かすみめ。〈新大字典〉
G0555,3,無聊,"ぶりょう
むりょう",聊しむ,たの,"1.することがなく、退屈なこと。つれづれ。
2.気になることがあって楽しめないこと。〈漢字ペディア〉"
G0556,3,朝聘,ちょうへい,聘う,と,"諸侯が自ら、または使者をつかわして天子に物を献上し、ご機嫌をうかがう。〈漢辞海〉
諸侯が天子の御機嫌をうかがう。〈字源〉
1.諸侯の朝覲と大夫の聘問。また、諸侯が朝見して、天子に物を献ずること。
2.朝廷から召されること。朝廷の召聘。〈日本国語大辞典〉"
G0557,3,辟聘,へきへい,聘す,め,"在野の賢人をめし出す。〈字源〉
在野から召し出す。≒辟請〈漢辞海〉
在野の賢人を召し出すこと。〈新大字典〉"
G0558,3,幣聘,へいへい,聘く,まね,"贈り物を贈って人を招く。〈漢字源〉
礼物を贈り、礼を尽くして招く。〈漢辞海〉
礼物を贈りて賢者を招く。〈字源〉"
G0559,3,聳身,しょうしん,聳つ,そばだ,"身をそばだつ。〈字源〉
身をそばだてる。体をのばしてきっとする。つまだつ。≒竦身〈漢字源〉
身をそばだてること。〈新大字典〉
身をそばだてる。〈字通〉"
G0560,3,聳徳,しょうとく,聳む,つつし,行いをつつしむこと。〈新大字典〉
G0561,3,聳善,しょうぜん,聳める,すす,"善をすすめる。よいことをするようにすすめる。勧善。〈漢字源〉
勧善。〈字通〉
善をすすめること。勧善。〈新大字典〉"
G0562,3,脩飭,しゅうちょく,脩める,おさ,"身を治め整える。≒脩勅〈漢辞海〉
身をおさめととのえる。≒脩勅〈漢字源〉
身を修め整えること。≒修飭〈新大字典〉"
G0563,3,掣肘,せいちゅう,掣く,ひ,そばから干渉して自由な活動を妨げること。〈漢字ペディア〉
G0564,3,藉綺,しゃき,藉く,し,"あやものを敷くこと。また、美しい敷物。〈新大字典〉
美しい敷物。〈字通〉"
G0565,3,躪藉,りんせき,藉む,ふ,ふみにじる。〈字通〉
G0566,3,憑藉,ひょうしゃ,藉る,よ,"よりどころ。たより。〈新大字典〉
頼む。たよりにする。依存する。≒憑恃、憑仗、憑頼〈漢辞海〉"
G0567,3,蠢笨,しゅんぽん,蠢か,おろ,愚かでつたない。〈字通〉
G0568,3,賈衒,こげん,衒る,う,"ものを売る。〈漢辞海〉
1.掛け値をつけて商売をすること。
2.店で商売をすることと、行商すること。〈漢字源〉
店売りと行商。〈新大字典〉"
G0569,3,詆欺,ていぎ,詆いる,し,"事実をいつわり、まげて言う。〈漢辞海〉
事実であるかのようにいって、人をあざむく。〈漢字源〉
いつわること。〈新大字典〉
いつわりしいる。〈字源〉"
G0570,3,醜詆,しゅうてい,詆める,はずかし,"人をわるくそしる。罵詈する。〈字源〉
悪口を言い、恥をかかせる。〈漢辞海〉
人に恥をかかせそしる。人の悪口をいう。〈漢字源〉"
G0571,3,博詢,はくじゅん,詢る,はか,"ひろく相談すること。〈新大字典〉
ひろく問いはかる。ひろく人の意見を聞く。≒博咨〈字源〉
ひろくたずねる。≒博咨〈字通〉"
G0572,3,誣構,"ふこう
ぶこう",誣く,あざむ,"罪を捏造する。罪名をでっちあげる。≒誣搆、誣遘〈漢辞海〉
無実のことで人を陥れる。≒誣陥〈字通〉"
G0573,3,諷諫,ふうかん,諷めかす,ほの,それとなく忠告すること。遠回しにいさめること。また、その忠告やいさめの言葉。〈漢字ペディア〉
G0574,3,謫戍,たくじゅ,謫す,なが,"流刑され辺境の守備につく。〈漢辞海〉
罪人を移して辺境を守備する。〈字通〉
罰せられて、国境などの辺地の守備要因にさせられること。また、その兵士。〈漢字源〉"
G0575,3,暁譬,ぎょうひ,譬す,さと,"さとす。〈字通〉
あきらかにさとす。〈字源〉
さとし導く。〈漢辞海〉"
G0576,3,饋貽,きい,貽る,おく,食物などを贈る。≒饋詒〈字通〉
G0577,3,貶黜,へんちゅつ,貶とす,お,"官位を下げてしりぞける。〈新漢和大字典〉
官位を下げて、しりぞけること。貶斥(ﾍﾝｾｷ)。へんちつ。〈大辞泉〉
官職を取りあげ、官界から追い出す。≒貶斥〈漢辞海〉"
G0578,3,貶議,へんぎ,貶める,おとし,"人のなすところを非として議論すること。〈新大字典〉
けなす。〈字通〉"
G0579,3,臧貶,ぞうへん,貶る,そし,"よいわるいを批判する。褒貶。〈漢辞海〉
褒貶する。〈字通〉"
G0580,3,貶逐,へんちく,貶ける,しりぞ,"しりぞけ追い払うこと。〈新大字典〉
貶斥する。〈字通〉
官位を下げて遠隔地へ追放すること。〈日本国語大辞典〉"
G0581,3,賤買,せんばい,賤い,やす,"安く買う。〈漢辞海〉
品物を安い値段で買う。〈漢字源〉
安く買うこと。〈新大字典〉
やすくかう。〈字源〉"
G0582,3,贏得,えいとく,贏ける,もう,利益を得ること。獲得すること。もうけ。〈漢字ペディア〉
G0583,3,贏糧,えいりょう,贏う,にな,"食料を荷(ﾆﾅ)う。〈字通〉
1.食料をになう。
2.あまった食糧。〈漢辞海〉
旅に出るための食料を余分に携える。〈漢字源〉"
G0584,3,貸贍,たいせん,贍う,すく,"ほどこしにぎわす。〈字源〉
金品をめぐみ、人民を救済する。〈漢辞海〉
にぎわす。〈字通〉"
G0585,3,差跌,さてつ,跌つ,あやま,つまずく。失敗する。〈字通〉
G0586,3,踞敖,きょごう,踞る,おご,"おごりたかぶるさま。≒踞傲〈漢辞海〉
おごりたかぶる。≒踞傲、倨敖〈漢字源〉
おごること。おごりたかぶること。〈新大字典〉"
G0587,3,蹙鞠,しゅくきく,蹙る,け,"まりをける。≒蹴鞠〈字源〉
蹴毬。〈字通〉"
G0588,3,困蹶,こんけつ,蹶く,つまず,"くるしみてつまずく。≒困躓〈字源〉
困難に迫られ、活路が開けないさま。≒困躓、困窮〈漢辞海〉
つかえて物事に行きづまる。≒困躓〈漢字源〉"
G0589,3,蹶起,"けっき
けいき",蹶つ,た,"≒決起〈漢字ペディア〉
≒決起〈漢字源〉
はねおきる。〈字源〉
はね起きる。飛び立つ。決起。〈新大字典〉
奮起する。〈字通〉"
G0590,3,躡敵,じょうてき,躡う,お,"てきのあとを追っかけて行く。〈字源〉
敵を追跡する。〈漢辞海〉
敵のあとをつけて行くこと。〈新大字典〉"
G0591,3,轢死,れきし,轢く,ひ,列車や自動車などにひかれて死ぬこと。〈漢字ペディア〉
G0592,3,輳轂,そうこく,輳まる,あつ,"車の輻（や）が轂（こしき）にあつまる。〈字源〉
車の輻（や）が轂（こしき）にあつまること。〈新大字典〉"
G0593,3,遏佚,あついつ,遏つ,た,"たちきる。さえぎる。〈漢辞海〉
なくする。〈字通〉"
G0594,3,遏絶,あつぜつ,遏る,さえぎ,"1.おしとどめて物事をさせないこと。≒遏止
2.たちきること。一族を絶滅させること。〈漢字ペディア〉
1.一族を残らず滅ぼす。族滅。
2.さえぎる。おしとどめる。遏止。〈漢辞海〉
1.たちきること。とどめ滅ぼすこと。
2.さえぎり止めること。排斥すること。〈日本国語大辞典〉"
G0595,3,荒遐,こうか,遐か,はる,"はるか遠く離れているさま。また、そのような土地。≒荒遠〈漢辞海〉
甚だしくとおし。≒荒遠〈字源〉
"
G0596,3,遽色,きょしょく,遽てる,あわ,"あわてた顔つき、また、あわてた顔つきをする。〈漢字源〉
あわてた表情。けわしい顔つき。〈漢辞海〉
あわてたる顔色。〈字源〉"
G0597,3,凌遽,りょうきょ,遽れる,おそ,"1.おののき恐れる。
2.速いさま。〈漢辞海〉
おどおどして恐れおののく。〈漢字源〉
おそれおののくさま。〈新大字典〉"
G0598,3,遽止,きょし,遽やか,すみ,"1.ぎょっとしてやめる。
2.急にやめる。〈漢字源〉
おそれやめること。うろたえること。すみやかにやめること。〈漢辞海〉"
G0599,3,邀勲,ようくん,邀める,もと,"功をたてようとすること。〈新大字典〉
功を求める。〈字通〉"
G0600,3,俚諺,りげん,俚しい,いや,"民間で広く言いならわされてきたことわざ。通俗なことわざ。〈漢字ペディア〉
民間で使われていることわざ。〈漢辞海〉"
G0601,3,鏤骨,"るこつ
ろうこつ",鏤む,きざ,"骨にきざみこむほど、非常に苦心したり努力したりすること。〈漢字ペディア〉
骨に刻み込む。感激して決して忘れないことのたとえ。〈漢辞海〉
骨に刻み付ける。決して忘れないことのたとえ。銘肌鏤骨。〈漢字源〉"
G0602,3,鏤膚,"ろうふ
るふ",鏤る,"え
かざ","いれずみ。肌膚を刺して、丹青を涅するをいう。≒文身〈字源〉
≒鏤身
1.皮膚に彫りものをする。
2.皮膚に施した彫りもの。いれずみ。〈漢辞海〉
≒鏤身
体にほりものをする。いれずみをする。〈漢字源〉"
G0603,3,鐫級,せんきゅう,鐫ける,しりぞ,"罪によって流される。〈字通〉
官位の等級を下げる。〈字源〉"
G0604,3,鑽味,さんみ,鑽つ,うが,"中まで入ってあじわる。研究して良く理解すること。〈漢字源〉
きわめ味わうこと。〈新大字典〉
義理をきはめあじわう。〈字源〉◇漢字ペディア大見出し"
G0605,3,闡繹,せんえき,闡らか,あき,"明らかにし、のべる。〈字通〉
明らかにし述べる。〈漢辞海〉
ひらき述べる。"
G0606,3,陟罰,ちょくばつ,陟む,すす,"官位をあげてほめることと、官位をおとして罰すること。≒賞罰〈漢字源〉
官位をあげて賞することと、官位をおとして罰すること。〈漢辞海〉
官位をのぼせると、おとし罰すると。〈字源〉"
G0607,3,霍奕,かくえき,霍い,はや,"速く走るさま。〈漢辞海〉
はやく馳するさま。〈字源〉
はやくかけるさま。〈漢字源〉
はやく馳せるさま。〈新大字典〉"
G0608,3,開霽,かいせい,霽れる,は,"雨後、空が晴れわたる。〈漢辞海〉
雨がやみてはれわたる。≒開晴〈字源〉
雨がやんで、すっかり晴れわたる。〈漢字源〉"
G0609,3,竟宴,きょうえん,竟わる,お,"1.神事や祭事の終了後に開く宴。
2.平安時代、宮中で書物の講義や和歌集の編纂などが終わったときに催された宴会。〈漢字ペディア〉"
G0610,3,竟天,きょうてん,竟る,わた,満天。〈字通〉
G0611,3,孝竟,こうきょう,竟める,きわ,"1.罪状を徹底的に調べる。
2.獄中で死ぬ。〈漢辞海〉
1.罪状を徹底的に調べる。
2.獄中で死ぬこと。〈漢字源〉"
G0612,3,魚餒,"ぎょだい
ぎょたい",餒る,くさ,"魚がくさる。≒魚爛〈字源〉
≒魚爛〈字通〉
魚がくさること。魚爛。〈新大字典〉"
G0613,3,饒舌,じょうぜつ,饒い,おお,口数が多いこと。おしゃべり。≒多弁、多言、⇔寡黙〈漢字ペディア〉
G0614,3,幽馥,ゆうふく,馥り,かお,"奥ゆかしい香り。≒幽香〈漢字源〉
奥ゆかしい香り。ほのかな香り。〈漢辞海〉
≒幽香〈字通〉"
G0615,3,駭浪,がいろう,駭れる,みだ,"わきたつ大なみ。〈字源〉
あらなみ。〈字通〉
わきたつ波。〈新大字典〉"
G0616,3,欺騙,ぎへん,騙す,だま,"あざむきだますこと。欺瞞(ｷﾞﾏﾝ)。〈大辞泉〉
真相を隠してだます。ぺてんにかける。〈漢辞海〉
あざむきかたる。〈字源〉"
G0617,3,驕嘶,きょうせい,驕ん,さか,"馬が勢いさかんにいななく。〈字源〉
馬がよくいななくこと。〈新大字典〉"
G0618,3,歩驟,ほしゅう,驟る,はし,"あゆむと、はしると。驟は疾走。〈字源〉
1.ふつうに歩くことと、小走りに歩くこと。
2.進み具合。物事の順序･次第。
3.歩み。足どり。〈漢辞海〉
1.歩くことと走ること。足どり。
2.物事の順序･次第。〈漢字源〉"
G0619,3,驟馳,しゅうち,驟い,はや,はやく走る。〈字通〉
G0620,3,蹄齧,ていげつ,齧む,か,"1.ひづめでけり、歯でかむ。
2.お互いに押しのけ合う。〈漢辞海〉
ひづめにてけると、くちにてかむと。〈字源〉
馬がひづめでけることと歯でかむこと。〈新大字典〉"
G0621,3,藻厲,そうれい,厲ぐ,と,"わが身を美しくみがき、行いをりっぱにする。〈漢辞海〉
美しくみがきたてる。行いなどをりっぱにすること。〈漢辞海〉
かざりてとぎみがく。〈字源〉
かざりたてる。〈字通〉"
G0622,3,夭厲,ようれい,厲む,や,"疾疫をいう。〈字源〉
疫病で夭死する。〈字通〉"
G0623,3,厲色,れいしょく,厲しい,はげ,"顔色をはげしくして怒る。血相をかえる。〈字源〉
怒りの表情。また、その表情をする。〈漢辞海〉
怒りで顔つきをきびしくする。きびしい顔つきをすること。〈漢字源〉
顔色をはげしくする。怒って顔色を変えること。〈新大字典〉"
G0624,3,屛面,へいめん,屛う,おお,"面をおおう具。団扇の類。≒便面〈字源〉
顔をかくす。〈字通〉
顔をおおうもの。団扇の類。〈新大字典〉"
G0625,3,拋車,ほうしゃ,拋げる,な,"石を発射する仕掛けのある車。昔、戦争のときに使われた。〈漢字源〉
古、軍中にて投石の用に供えし車。≒霹靂車〈字源〉
投石車。拋雷車。霹靂車。〈漢辞海〉"
G0626,3,兀立,こつりつ,兀い,たか,"1.とびぬけて高くそびえ立つさま。
2.姿勢正しく立つさま。〈漢字ペディア〉"
G0627,3,蠹害,とがい,蠹む,むしば,"≒蠹毒
1.虫が本や衣服などを食って害をなすこと。また、その害。
2.物事をむしばみそこなうこと。〈漢字ペディア〉"
G0628,3,国蠹,こくと,蠹なう,そこ,"国家の利益を害する悪人。〈漢辞海〉
国民でありながら国を害する者。国賊。〈漢字源〉
国を害する者。国賊。〈日本国語大辞典〉"
G0629,3,鷙勇,しゆう,鷙い,あら,"あらあらしく強い。鷙猛。〈新大字典〉
たけだけしい。勇猛である。≒鷙悍、鷙猛、鷙強〈漢字源〉
たけだけしく強い。勇猛なさま。≒鷙悍、鷙強、鷙猛〈漢辞海〉
猛勇。〈字通〉"
G0630,3,搏鷙,はくし,鷙つ,う,激しく攻撃する。≒搏摯〈漢辞海〉
G0631,3,闔国,こうこく,闔て,すべ,"全国。国全体。国じゅう。〈漢字ペディア〉
全国。〈字通〉
国内のこらず。≒全国、挙国〈字源〉"
G0632,3,闔戸,こうこ,闔じる,と,"とをとざす。≒閉戶〈字源〉
戸を閉ざす。〈字通〉"
G0633,3,面冪,"めんぺき
めんべき",冪う,おお,"紙、または帛（絹布）で死人の顔をおおうこと。また、そのもの。≒幎帽〈漢字源〉
紙や帛（絹の布）で死者の顔をおおう。また、そのおおうもの。幎帽。〈漢辞海〉"
G0634,3,膺命,ようめい,膺ける,う,"受命。〈字通〉
命令を受けること。〈新大字典〉"
G0635,3,膺懲,ようちょう,膺つ,う,外敵を征伐すること。討ちこらしめること。〈漢字ペディア〉
G0636,3,敲戛,こうかつ,戛つ,う,"たたきうつこと。〈新大字典〉
たたきうつ。〈字源〉"
G0637,3,旌閭,せいりょ,旌す,あらわ,"入り口に表彰する。官が村落の入り口や門に、扁額をつけたり、坊や碑を建てたりして、善行者･有徳者を表彰する。旌門。≒旌顕、旌表〈漢辞海〉
善行の人の名を里門にかきあらわす。〈字源〉
善行のあった人の名を里門に書いて表彰すること。〈漢辞海〉"
G0638,3,道旁,どうぼう,旁ら,かたわ,"道のかたわら。道端。≒道傍〈漢辞海〉
みちばた。道のほとり。≒道傍〈新大字典〉"
G0639,3,旁矚,ぼうしょく,旁し,あまね,"あまねくみる。〈字源〉
あまねくみること。〈新大字典〉
広く視る。〈字通〉"
G0640,3,旁晩,ぼうばん,旁る,よ,夕方。夜の近くによりそう時刻の意から。〈漢字源〉
G0641,3,攤書,たんしょ,攤く,ひら,"書物をひらく。〈字源〉
書物をひらくこと。〈新大字典〉
書物をひらいてならべる。〈字通〉"
G0642,3,蘊崇,"うんしゅう
うんすう",蘊む,つ,"つみあつめる。≒積聚〈字源〉
高く積み上げる。〈字通〉"
G0643,3,自艾,じがい,艾る,か,"1.みずから悪を去り、善を修めること。
2.後悔すること。〈新大字典〉
みずから悪を去りて善を修める。艾は刈り除く。〈字源〉"
G0644,3,艾康,がいこう,艾める,おさ,"世の中が平安なさま。≒艾安〈漢辞海〉
≒艾安
1.世の中をおさめ安んじる。
2.世の中がおさまって安らかなこと。〈漢字源〉
おさめやすんず。≒艾安〈字源〉"
G0645,3,徼循,きょうじゅん,徼る,めぐ,"見回って取り締まる。巡回する。〈漢字源〉
みまわること。めぐること。徼巡。〈新大字典〉
巡察する。≒徼巡〈漢辞海〉"
G0646,4,乍寒,さかん,乍ち,たちま,急に寒くなる。〈字通〉
G0647,4,遽亟,きょきょく,亟やか,すみ,すみやか。〈字通〉
G0648,4,麗嫺,れいかん,嫺やか,みやび,"美しく、上品なさま。〈漢辞海〉
うるわしくてしとやか。〈字源〉"
G0649,4,幷肩,へいけん,幷ぶ,なら,肩を並べること。他に匹敵する意。併肩。〈新大字典〉
G0650,4,僵尸,きょうし,僵れる,たお,"倒れた死体。〈漢字源〉
≒僵屍
1.倒れたままの硬直した死体。
2.ひろく、死体。〈漢辞海〉"
G0651,4,韞玉,うんぎょく,韞む,つつ,"玉を包み隠す。美しい質を中にひめるたとえ。〈漢字源〉
玉を包みいだく。すぐれた資質を中に持つことをいう。〈漢辞海〉"
G0652,4,蕩漾,とうよう,漾う,ただよ,"ただようさま。また、水がゆれうごくさま。〈漢字源〉
漂いゆらぐ。〈字通〉
ただよい動くこと。静かに揺れ動くこと。また、そのさま。〈日本国語大辞典〉"
G0653,4,漲天,ちょうてん,漲る,みなぎ,"天一面に広がる。〈漢字源〉
天空一面にあふれ広がる。〈漢辞海〉"
G0654,4,叨恩,とうおん,叨に,みだり,"過分の恩恵を受ける。恩恵を受けることをへりくだって言う言葉。〈漢辞海〉
みだりに恩を受ける。恩恵を受けることをへりくだっていう言葉。〈漢字源〉"
G0655,4,莅政,りせい,莅む,のぞ,"政治をとり行う。〈漢字源〉
政治を執り行う。〈漢辞海〉"
G0656,4,矯揉,きょうじゅう,揉める,た,"欠点をなおす。〈漢字源〉
ためる。〈字通〉
ためあらためる。〈字源〉
曲がったものを真っ直ぐにし、真っ直ぐなものを曲げる。改め直す意。〈漢辞海〉"
G0657,4,歙肩,きゅうけん,歙める,すぼ,"肩をすぼめて人にへつらうこと。〈新大字典〉
肩をそびやかす。人にへつらうさま。〈漢字源〉
肩をすぼめる。肩をちぢこめて、体を小さくする。〈漢辞海〉"
G0658,4,浄揩,じょうかい,揩う,ぬぐ,"きよくぬぐう。≒浄拭〈字源〉
ぬぐい清めること。≒浄拭〈新大字典〉"
G0659,4,佯狂,ようきょう,佯る,いつわ,"狂人のふりをする。〈漢字源〉
発狂したふりをすること。また、その人。≒陽狂〈漢字ペディア〉
気がふれたふりをする。〈漢辞海〉"
G0660,4,傚慕,こうぼ,傚う,なら,"まねをする。〈漢辞海〉
まねする。〈字通〉"
G0661,4,兪允,ゆいん,兪り,しか,しかり。〈字通〉
G0662,4,刳磔,こたく,刳く,さ,"体を切り裂くこと。〈新大字典〉
ひらき裂く。〈字通〉"
G0663,4,刳木,こぼく,刳る,"く
えぐ",木をくりぬく。〈字通〉
G0664,4,慊吝,けんりん,吝しむ,お,"いやがる。しぶる。〈漢辞海〉
1.不満でならない。
2.物を惜しむ。≒惜吝〈漢字源〉
惜しむ。〈字通〉"
G0665,4,哢吭,ろうこう,哢る,さえず,"鳥が玉をころがすような声でさえずる。〈漢字源〉
鳥のさえずる声。〈字通〉
鳥がさえずる。〈字源〉"
G0666,4,啀恚,がいい,啀む,いが,腹を立てていがみ合う。〈漢字源〉
G0667,4,嗄声,させい,嗄れる,"か
しわが","しわがれ声。〈漢字源〉
しわがれ声。〈新大字典〉"
G0668,4,耆欲,しよく,耆む,たしな,好きな物。このみ。また、好き勝手にしたいと思う心。≒嗜欲〈漢字ペディア〉
G0669,4,鶯囀,おうてん,囀る,さえず,"うぐいすがさえずる。〈漢字源〉
うぐいすのさえずり。また、さえずること。〈新大字典〉"
G0670,4,奠都,てんと,奠める,さだ,"みやこをある地に定めること。みやこを建設すること。〈漢字ペディア〉
国都をさだめる。奠鼎。〈漢辞海〉"
G0671,4,嬌羞,きょうしゅう,嬌かしい,なまめ,女性の恥じらうさまがなまめかしいこと。〈漢字ペディア〉
G0672,4,孅弱,せんじゃく,孅い,かよわ,"1.かよわし。たおやか。
2.細かにして弱し。〈字源〉
1.かよわい。
2.筆法が細く弱いこと。〈新大字典〉"
G0673,4,已然,いぜん,已に,すで,"すでにそうなっていること。すでに終わったさま。もはや。〈日本国語大辞典〉
すでにそうなっていること。もはや終わっていること。〈漢字ペディア〉"
G0674,4,怕怯,はきょう,怕れる,おそ,"おそれる。〈字通〉
おそれること。≒怕畏、怕懼〈新大字典〉"
G0675,4,悛容,しゅんよう,悛める,あらた,"かたちをあらためる。また、過を悔いたる意態。〈字源〉
前非を悔い改める態度。〈漢辞海〉
悔いあらためるようす。悔いあらためる態度。〈漢字源〉"
G0676,4,悽惘,せいぼう,惘れる,あき,"悲しんでがっかりする。悲しみにくれること。〈新大字典〉
悲しみのあまり呆然とする。〈漢辞海〉
かなしみてうっとりする。〈字源〉"
G0677,4,解慍,かいうん,慍る,いか,"いかりを解き和らげる。〈字源〉
なごむ。〈字通〉"
G0678,4,讒愬,ざんそ,愬える,うった,"1.人を陥れるために、事実を曲げて訴えること。
2.讒言。かげぐち。〈漢字ペディア〉"
G0679,4,愴怛,そうだつ,愴む,いた,"悲しみ、痛む。≒愴惻〈漢辞海〉
いたむ。〈字通〉"
G0680,4,慵懶,ようらん,慵い,ものう,"1.めんどうくさい。
2.ものぐさ。〈漢字源〉
ものうくなまける。≒慵惰〈字源〉
だらだらおこたるさま。≒慵嬾、慵惰〈漢辞海〉"
G0681,4,懈倦,かいけん,懈る,おこた,"おこたりてうむ。〈字通〉
なまける。〈字通〉
あきてなまけること。〈新大字典〉"
G0682,4,拗強,おうきょう,拗ける,ねじ,"心がねじけて、強情なこと。〈新漢和大字典〉
剛情。〈字通〉
心がねじけて剛情なこと。〈新大字典〉
心がねじけて強情なさま。〈漢辞海〉"
G0683,4,拊髀,ふひ,拊つ,う,"1.ももをうつこと。
2.喜び勇むさま。〈新大字典〉〈新大字典〉
ももをうつ。喜ぶ。憤る。〈字通〉
ももをたたく。ふるい立つさま。〈漢辞海〉"
G0684,4,手挌,しゅかく,挌つ,う,"武器を使わずに、手で打ち殺す。〈漢字源〉
素手で格闘して捕らえる。また、そのようにして殺す。≒手挌〈漢辞海〉"
G0685,4,拯恤,"じょうじゅつ
しょうじゅつ",拯う,すく,"すくい上げて助ける。≒拯救〈漢字源〉
救助する。≒拯救〈漢辞海〉
すくいめぐむ。〈字源〉
すくいめぐむこと。〈新大字典〉"
G0686,4,掏摸,"とうばく
とうぼ
とうも",掏る,す,"他人が所持している金品をすばやくすくいとるように盗み取ること。また、その人。〈漢字源〉
すり。〈字通〉
人の懐中の金品をすりとる。また、その人。すり。〈漢辞海〉
人の身につけている金品をかすめとる者。≒掏児〈新大字典〉"
G0687,4,揉和,じゅうわ,揉む,も,"手でもみやわらげる。〈新大字典〉
融合する。〈字通〉"
G0688,4,攪撓,"かくどう
こうどう",撓れる,みだ,"かきみだす。〈漢辞海〉
かきみだす。〈漢字源〉
かきみだす。〈字源〉"
G0689,4,擂槌,らいつい,擂る,す,"すりこぎ。連木。〈字源〉
すりこぎの異称。〈新大字典〉"
G0690,4,擡轎,たいきょう,擡げる,"もた
もちあ",かごをかく。〈字通〉
G0691,4,柬擢,"かんてき
かんたく",柬ぶ,えら,選抜する。〈字通〉
G0692,4,沁骨,しんこつ,沁みる,し,"骨にしみこむ。≒沁肌骨〈字源〉
骨にしみ込むこと。〈新大字典〉"
G0693,4,洵美,じゅんび,洵に,まこと,"本当に美しい。〈漢字源〉
美しい。〈字通〉"
G0694,4,渝盟,ゆめい,渝える,か,"約束に背く。〈字源〉
約束をたがえる。誓いに背く。〈漢辞海〉
約束をたがえる。誓いにそむく。〈漢字源〉
誓いにそむくこと。約束をやぶること。違約。破約。〈新大字典〉"
G0695,4,滲漉,しんろく,滲む,にじ,"にじみしたたる。〈字通〉
にじみ出て、したたり落ちる。〈漢字源〉
1.じわじわにじみ出て、したたり落ちる。
2.恩沢が施されているたとえ。〈漢辞海〉"
G0696,4,輝煌,きこう,煌めく,きら,"目もあやに、色とりどりで美しい。〈漢辞海〉
かがやききらめく。〈字源〉"
G0697,4,燠館,いくかん,燠かい,あたた,"あたためるへや。浴室の異称。〈字源〉
浴室。温室。〈新大字典〉
浴室。〈字通〉"
G0698,4,眩燿,げんよう,燿く,かがや,"まばゆいほどにかがやく。〈漢字源〉
まぶしく輝く。〈字通〉
≒眩耀
1.光り輝いて、目を奪う。まばゆいほどに光り輝く。
2.まよう。まどわす。〈漢辞海〉"
G0699,4,犒賚,こうらい,犒う,ねぎら,"ねぎらいて物をたまう。≒犒錫、労賚〈字源〉
ねぎらって賜る物。犒錫（コウセキ）。〈新大字典〉
兵をねぎらい、賞を与える。≒犒賜〈字通〉"
G0700,4,猝嗟,そっさ,猝か,にわ,"にわかに嘆声を発する。また、その声。〈漢字源〉
にわかに大声でしかりつける。〈漢辞海〉"
G0701,4,疼痛,とうつう,疼く,うず,ずきずきとうずくように痛むこと。また、その痛み。〈漢字ペディア〉
G0702,4,痞結,ひけつ,痞える,つか,"食物などが胸につかえて通じないこと｡また､そのような症状の病気｡〈漢字源〉
食物などがつかえて通らないこと。また、その病気。〈新大字典〉"
G0703,4,痼癖,こへき,痼り,しこ,"極めて物事にこりかたまるくせ。〈字源〉
こり固まったくせ。〈漢辞海〉
頑固なくせ。〈新大字典〉"
G0704,4,磽瘠,こうせき,瘠せる,や,"石が多くて地味のよくないこと。〈大辞林〉
石が多く、やせた土地。〈漢字源〉
やせた土地。≒磽薄〈漢辞海〉"
G0705,4,怪祟,かいすい,祟り,たた,"怪しきもののたたり。〈字源〉
たたり。〈字通〉"
G0706,4,紛糅,ふんじゅう,糅じる,ま,"ごたごたと入りまじる。≒錯糅
数が多く、乱雑なさま。〈漢辞海〉
入り乱れ、もつれあうこと。≒紛揉〈漢字源〉"
G0707,4,索綯,さくとう,綯う,な,"縄を綯(ﾅ)う。〈字源〉
縄をなうこと。また、つな。〈新大字典〉"
G0708,4,縺縷,れんる,縺れる,もつ,もつれた糸筋。〈新大字典〉
G0709,4,繙繹,はんえき,繙く,ひもと,"書を開きて義理をきわめる。〈字源〉
書物を読み、その内容をたどって理解する。〈漢字源〉
書物をひもといて、その意味･内容を究めること。〈新大字典〉"
G0710,4,肥胖,ひはん,胖か,ゆた,"肥え太っていること。〈新大字典〉
肥え太っていること。また、そのさま。〈大辞泉〉
太っていること。また、そのさま。肥満。〈漢字ペディア〉"
G0711,4,脩篁,しゅうこう,脩い,なが,"長い竹。〈新大字典〉
長い竹。≒脩竹〈字通〉"
G0712,4,舫船,ほうせん,舫う,もや,"もやい舟。〈字通〉
もやいぶね。また、二つの舟を並べること。舫艇。〈新大字典〉"
G0713,4,褪色,"たいしょく
とんしょく",褪せる,あ,≒退色〈漢字ペディア〉
G0714,4,訖今,"きっきん
きつきん",訖る,いた,"今にいたる。〈字通〉
今に至ること。〈新大字典〉"
G0715,4,終訖,しゅうきつ,訖わる,お,つきる。終わる。〈漢辞海〉
G0716,4,誑惑,きょうわく,誑く,あざむ,人を欺いてまどわすこと。うそを言ってまどわすこと。〈漢字ペディア〉
G0717,4,嘲誚,ちょうしょう,誚る,"そし
しか","そしり笑う。あざけり笑って、ののしる。≒嘲詬、嘲難〈漢辞海〉
皮肉を言って人を非難する。≒嘲詬、嘲難〈漢字源〉
あざけりそしる。〈字源〉"
G0718,4,誕謾,たんまん,謾く,あざむ,"1.だます。
2.おごりたかぶるさま。
3.でたらめなさま。〈漢辞海〉
みだりに大言して実なし。≒誕妄、放誕〈字源〉
1.でたらめで大袈裟なことをいう。
2.大袈裟におごりたかぶる。
3.おおまかで、だらしがない。〈漢字源〉"
G0719,4,啜賺,せったん,賺す,"だま
すか","巧みにことばをつづる。内容のともなわないことばでだます。〈漢字源〉
すかす。〈字通〉
ことば巧みにだます。≒啜洪〈漢辞海〉"
G0720,4,齎糧,せいりょう,齎す,もたら,"1.旅に食糧を持っていく。また、その携行食。
2.食糧を持って行って与える。〈漢字源〉
1.旅に食糧を持っていく。また、携行食。
2.食糧を持って行って与える。〈漢辞海〉
かてをもちゆく。〈字源〉
糧を持って行く。旅に食料を持参すること。〈新大字典〉"
G0721,4,僭踰,せんゆ,踰える,こ,"身分を越えた振る舞いをすること。〈大辞林〉
身のほどを越えた振る舞いをすること。僭越(ｾﾝｴﾂ)。〈大辞泉〉
分限を越えた振る舞いをすること。僭越。〈日本国語大辞典〉"
G0722,4,躱閃,たせん,躱す,かわ,"1.からだをかわして避ける。
2.責任を避けて逃げる。〈新漢和大字典〉
逃げる。〈字通〉
逃げ隠れる。〈漢辞海〉
からだをひらりとかわしてにげる。〈字源〉"
G0723,4,逋税,ほぜい,逋れる,のが,税からのがれること。また、滞納している税。≒脱税〈漢字ペディア〉
G0724,4,詩鈔,ししょう,鈔す,うつ,"抜粋して編んだ詩集。≒抄詩〈漢辞海〉
詩のぬきがき。≒抄詩〈字源〉
詩を抜き書きしたもの。≒抄詩〈新大字典〉"
G0725,4,闌夜,らんや,闌ける,た,"よふけ。深夜。〈漢字源〉
よふけ。夜更。深更。〈新大字典〉"
G0726,4,闔闢,こうへき,闢く,ひら,"とじることと、開くこと。開閉。〈漢字源〉
開閉する。〈字通〉
とじると、ひらくと。≒開閉〈字源〉
1.開閉する。
2.文体の抑揚。〈漢辞海〉"
G0727,4,雍容,ようよう,雍らぐ,やわ,"落ち着いて穏やかなさま。〈漢辞海〉
ゆったりと落ち着いているさま。≒従容〈漢字源〉
やわらげるさま。〈字源〉"
G0728,4,餉餽,しょうき,餽る,おく,"1.食糧。
2.食糧をおくり届ける。〈漢辞海〉
≒餉饋
1.食糧をおくり届けること。
2.軍隊の食糧。兵糧。また、食糧。〈漢字源〉
食糧を輸送する。〈字通〉"
G0729,4,急駛,きゅうし,駛せる,は,"はやく進むこと。〈大辞林〉
はやく走ること。疾走。〈日本国語大辞典〉"
G0730,4,騫汚,けんお,騫ける,か,"面目をつぶす。〈漢辞海〉
かけてけがれる。損辱の義。〈字源〉
損辱をうける。〈字通〉"
G0731,4,驩洽,かんこう,驩ぶ,よろこ,"よろこびうちとける。≒歓洽〈新漢和大字典〉
よろこびとけあう。〈字通〉
よろこびやわらぐ。〈字源〉
よろこび和らぐこと。〈新大字典〉"
G0732,4,夢魘,むえん,魘される,うな,"夢でうなされる。〈字通〉
恐ろしい夢を見てうなされること。悪夢におそわれること。〈日本国語大辞典〉
悪夢にうなされる。≒夢厭〈漢辞海〉"
G0733,4,噦噫,えつあい,噦り,"しゃっく
しゃく",しゃっくり。おくび。〈字通〉
G0734,4,誣衊,ふべつ,衊す,けが,いつわりしいて人の名節をけがす。〈字源〉
G0735,5,于役,うえき,于く,ゆ,君命によって、使者として他国に行ったり、国境の警備などに行ったりすること。〈漢字ペディア〉
G0736,5,于帰,うき,于に,ここ,女子が嫁に行くこと。〈新大字典〉
G0737,5,間歇,かんけつ,歇む,"や
やす",≒間欠〈漢字ペディア〉
G0738,5,晦暝,かいめい,暝い,くら,くらいこと。まっくらになること。くらやみ。≒晦冥〈漢字ペディア〉
G0739,5,椄木,せつぼく,椄ぐ,つ,木をつぐこと。つぎき。〈新大字典〉
G0740,5,樛木,きゅうぼく,樛がる,ま,枝が曲がりくねってもつれている木。〈漢字源〉
G0741,5,痿痹,いひ,痹れる,しび,"1.手足などがしびれる病気。
2.転じて、政治がゆるんでしっかりしていないことのたとえ。〈漢字源〉
しびれる病。〈字通〉"
G0742,5,慠邁,ごうまい,慠る,おご,"ほこりおごること。〈新大字典〉
おごりたかぶる。〈字通〉"
G0743,5,禎祺,ていき,祺い,さいわ,"吉祥。〈字通〉
さいわい。吉祥。〈新大字典〉
さいわい。幸福。吉祥。〈漢辞海〉"
G0744,5,蹻足,きょうそく,蹻げる,あ,"かかとをあげてつまさきだつ。足をのばして背を高くみせる。つまさきだった足。〈漢字源〉
足をあげること。また、その足。〈新大字典〉"
G0745,5,曬書,さいしょ,曬す,さら,書物を日にさらして虫干しをする。≒晒書、曝書〈漢字ペディア〉
G0746,5,纘緒,さんしょ,纘ぐ,つ,"事業をうけつぐ。〈字源〉
前人の事業を受けつぐ。〈新漢和大字典〉"
G0747,5,价人,かいじん,价い,よ,"徳のあるすぐれた人。〈漢字源〉
徳のある善人。〈漢辞海〉"
G0748,5,侏儒,しゅじゅ,侏い,みじか,"1.身長がきわめて低い人。
2.見識のない人をあざける語。
3.役者。〈漢字ペディア〉"
G0749,5,侑觴,ゆうしょう,侑める,すす,"酒をすすめる。≒侑飲、侑酒〈漢辞海〉
酒を勧める。≒侑酒〈字源〉"
G0750,5,伶俐,れいり,俐しい,さか,頭のはたらきがすぐれていて、賢いこと。利口なこと。≒怜悧、聡明〈漢字ペディア〉
G0751,5,倨気,きょき,倨る,おご,"おごりたかぶった気持ち。〈漢辞海〉
おごり高ぶる気分。〈漢字源〉"
G0752,5,倔彊,くっきょう,倔い,つよ,"強情で屈しないさま。≒倔強〈漢辞海〉
≒屈強、倔強
1.強情で人のいうとおりにならない。
2.腕力や体力が強いこと。〈漢字源〉"
G0753,5,晞土,きど,晞く,かわ,かわいた土。〈字通〉
G0754,5,俶辰,しゅくしん,俶い,よ,≒吉日〈漢辞海〉
G0755,5,倡道,しょうどう,倡える,とな,"真っ先に言い出す。唱首。唱導。≒倡導〈漢辞海〉
≒唱道
1.先にたってとなえる。
2.先にたって他を導く。≒唱導〈漢字源〉"
G0756,5,面晤,めんご,晤う,あ,面会すること。また、面会して話すこと。〈漢字ペディア〉
G0757,5,僂傴,"ろうう
るう",傴む,かが,"1.体を前にかがめ、背を丸くする。
2.背が曲がって小さい人。〈漢字源〉
1.背を曲げること。せぐくまること。
2.背筋が前方に湾曲していること。また、その人。傴僂。〈新大字典〉"
G0758,5,僮昏,どうこん,僮か,おろ,"無知で理に暗いもの。おろかもの。〈新大字典〉
おろか。〈字通〉"
G0759,5,儼乎,げんこ,儼か,おごそ,おごそかなさま。威厳があり、りっぱなさま。〈漢字ペディア〉
G0760,5,儼存,"げんそん
げんぞん",儼しい,いかめ,はっきりと確かにあること。≒厳存〈漢字ペディア〉
G0761,5,儻若,とうじゃく,儻し,も,"もし。あるいは。もしくは。〈漢字源〉
もしも。ひょっとして。〈新大字典〉"
G0762,5,冏冏,けいけい,冏らか,あき,"光り輝くさま。≒炯炯〈漢字源〉
光り輝くさま。〈漢辞海〉"
G0763,5,冱寒,ごかん,冱る,こお,こおりつくほどの厳しい寒さ。極寒。〈漢字ペディア〉
G0764,5,冱凅,ごこ,凅る,こお,"こおりつく。〈漢字源〉
氷る。〈字通〉"
G0765,5,刋改,せんかい,刋る,き,板木を削り改める。〈字源〉
G0766,5,自剄,じけい,剄る,くびき,自分で自分の首を切って死ぬこと。≒自刎〈漢字ペディア〉
G0767,5,相剋,そうこく,剋つ,か,"≒相克
1.対立･矛盾するものが互いに争うこと。
2.五行説で、木は土に、土は水に、水は火に、火は金に、金は木に勝つこと。⇔相生〈漢字ペディア〉"
G0768,5,剋意,こくい,剋しい,きび,"心をこめること。苦心すること。専心。刻意。〈新大字典〉
一生懸命、心から努める。〈漢辞海〉
心を苦しめる。≒刻意〈字源〉"
G0769,5,剞刻,きこく,剞む,きざ,"彫刻に用いる刃物。彫刻刀。〈新大字典〉
ほる。〈字通〉"
G0770,5,匐枝,ふくし,匐う,は,地上または地中を、水平にはう枝。匍匐茎(ホフクケイ)。〈漢字ペディア〉
G0771,5,匍伏,ほふく,匍う,"は
はらば","≒匍匐
1.はらばうこと。這って進むこと。
2.力を尽くして奔りまわること。〈新大字典〉"
G0772,5,敦厖,とんぼう,厖い,あつ,"真心がこもっていること。〈漢字源〉
ねんごろで人情にあついこと。民風のあついこと。また、人民の生活が豊かなこと。〈新大字典〉"
G0773,5,厖然,ぼうぜん,厖きい,おお,"豊かで大きいさま。むっくりと大きいさま。≒尨然〈漢字ペディア〉
たいへん大きいさま。≒尨然〈大辞泉〉"
G0774,5,愚叟,ぐそう,叟り,としよ,"1.おろかな老人。
2.老人が自分を謙遜して言う言葉。
1.『列子』の寓話の主人公。≒愚公
2.老人が自分を謙遜した言葉。〈漢辞海〉"
G0775,5,昭晢,"しょうせつ
しょうせい",晢らか,あき,"鮮明なさま。〈字通〉
1.明るいさま。輝くさま。
2.はっきりと明らかなさま。〈漢辞海〉"
G0776,5,嗟吁,"さう
さく",吁く,なげ,"悲しみのあまり「ああ」となげく。〈漢辞海〉
なげく声。また、なげくこと。咨嗟。〈新大字典〉"
G0777,5,偶咏,ぐうえい,咏う,うた,"思い掛けなく興がわいて詠んだ詩歌。偶作。≒偶詠、偶吟〈漢辞海〉
ふと詠んだ詩や歌。偶吟。≒偶詠〈新大字典〉"
G0778,5,咸綏,かんすい,咸く,ことごと,"ことごとくやすらか。〈字源〉
ことごとく安らかなこと。〈新大字典〉"
G0779,5,長哦,ちょうが,哦う,うた,"音調を長くうたうこと。〈新大字典〉
声をながくしてうたう。≒長吟〈字源〉"
G0780,5,啼妝,ていしょう,啼く,な,眼の下の部分だけおしろいを薄くし、泣いて憂えているように見せる化粧法。≒啼粧〈漢辞海〉
G0781,5,噤閉,きんぺい,噤む,つぐ,"口を閉じる。〈漢字源〉
口をつぐんで黙すること。〈新大字典〉"
G0782,5,嚥下,"えんか
えんげ",嚥む,の,のみこむこと。≒咽下〈漢字ペディア〉
G0783,5,嚶嚶,おうおう,嚶く,な,"1.鳥が互いに鳴き合うさま。
2.友人どうしが声を出してはげまし合うこと。〈漢字ペディア〉"
G0784,5,壙僚,こうりょう,壙しい,むな,官位の無いこと。〈新大字典〉
G0785,5,夬夬,かいかい,夬める,き,"思い切りのよい。また、はなれるさま。〈字通〉
思い切りのよいさま。決断して疑いをもたないさま。〈新大字典〉"
G0786,5,夸耀,"こよう
かよう",夸る,"ほこ
おご","ほこりかがやかす。ほこって見せびらかすこと。〈漢字源〉
名誉、美しさなどをさかんに誇ること。自慢して見せびらかすこと。〈日本国語大辞典〉
ひけらかす。誇耀。〈漢辞海〉
ほこりかがやかす。〈新大字典〉"
G0787,5,輪奐,りんかん,奐らか,あき,宮殿などの建物が、壮大で美しいさま。〈漢字ペディア〉
G0788,5,奚自,けいじ,奚ぞ,なん,いずこから。どこから来たか。〈新大字典〉
G0789,5,娥眉,がび,娥しい,うつく,"≒蛾眉
1.形の美しいまゆ。
2.女性の顔立ちの美しいさま。美人。〈漢字ペディア〉"
G0790,5,媾合,こうごう,媾わる,まじ,男女が交わること。性交すること。≒交接〈漢字ペディア〉
G0791,5,妃嬪,ひひん,嬪う,そ,"1.天子のそばに付き添う女性。
2.身分の高い女官。〈漢字ペディア〉"
G0792,5,宦事,かんじ,宦える,つか,"役人として仕える。〈漢辞海〉
官吏として仕える。〈漢字源〉"
G0793,5,崛崎,くっき,崛つ,そばだ,"山がそびえ立つさま。〈漢辞海〉
山のけわしきさま。〈字源〉
1.山がけわしくそそりたつさま。
2.ひときわぬきんでるさま。〈漢字源〉"
G0794,5,嶢崢,ぎょうそう,崢しい,けわ,"けわしく高い。〈字通〉
高いさま。〈新大字典〉"
G0795,5,崚層,りょうそう,崚い,たか,"幾重にもそびえる。〈字通〉
高く重なっているさま。〈新大字典〉"
G0796,5,岑嵒,しんがん,嵒しい,けわ,"高くけわしい。〈字通〉
高峻な岩。また、高くけわしいさま。岑金。〈新大字典〉"
G0797,5,岌嶬,きゅうぎ,嶬しい,けわ,山が高くそびえるさま。≒岌峨、岌嶷〈漢辞海〉
G0798,5,廱穆,ようぼく,廱らぐ,やわ,やわらぎつつしむ。〈字通〉
G0799,5,弭兵,びへい,弭める,や,"戦争をやめる。〈漢字源〉
戦争をやめる。〈漢辞海〉"
G0800,5,彎月,わんげつ,彎がる,ま,"1.弓のような形の月。ゆみはりづき。弦月(ゲンゲツ)。
2.陣立ての名称。隊列を①のように配置したもの。〈漢字ペディア〉"
G0801,5,徂春,そしゅん,徂く,ゆ,過ぎ去っていく春。行く春。〈漢字ペディア〉
G0802,5,徂謝,そしゃ,徂ぬ,し,"去っていく。死亡すること。≒徂逝〈漢字源〉

≒徂逝
1.過ぎ去っていく。死ぬ。
2.遠出をする。
3.流れ去る。〈漢辞海〉"
G0803,5,忻慕,きんぼ,忻ぶ,よろこ,"喜んで、仰ぎ慕う。欣慕。〈漢辞海〉
よろこび慕う。敬ってよろこんで慕うこと。≒欣慕〈漢字源〉
よろこびしたうこと。〈新大字典〉"
G0804,5,恟恟,きょうきょう,恟れる,おそ,おそろしくて生きた心地のしないさま。びくびくするさま。〈漢字ペディア〉
G0805,5,惚恍,こっこう,恍ける,とぼ,"1.我を忘れてうっとりするさま。怳惚。恍惚。
2.かすかなさま。奥深くはかりがたいさま。〈新大字典〉"
G0806,5,悄愴,しょうそう,悄える,うれ,"1.気がめいって心が痛むさま。≒悲愴
2.ものさびしいさま。〈漢字ペディア〉"
G0807,5,悧口,りこう,悧しい,さか,≒利口〈漢字ペディア〉
G0808,5,悽惨,せいさん,悽ましい,いた,目をそむけたくなるほどいたましいこと。目をおおうほど、むごたらしいさま。≒陰惨、凄惨〈漢字ペディア〉
G0809,5,慴惴,しょうずい,惴れる,おそ,"恐れ、ふるえる。〈漢辞海〉
ふるえおそれる。〈字源〉"
G0810,5,剛愎,ごうふく,愎る,もと,意地っ張りで人にしたがわないこと。強情なさま。〈漢字ペディア〉
G0811,5,淑慝,しゅくとく,慝い,わる,"よいことと、悪いこと。〈漢字源〉
善悪。〈字通〉
よいことと悪いこと。よしあし。善悪。〈日本国語大辞典〉"
G0812,5,懆懆,そうそう,懆える,うれ,"憂えるさま。〈字通〉
うれえて不安なさま。〈漢辞海〉"
G0813,5,懍慄,りんりつ,懍れる,おそ,"ひやりとする。おののく。〈漢字源〉
恐れるさま。〈字通〉
1.寒さにふるえるさま。
2.恐れおののく。ぞっとする。〈漢辞海〉"
G0814,5,煩懣,はんもん,懣える,もだ,"もだえること。煩悶。〈新大字典〉
1.心がわずらいもだえる。
2.胸がつかえて苦しい。〈字源〉
1.潜在的持病から内臓が熱を持つ症状。
2.≒煩悶〈漢辞海〉"
G0815,5,忿懣,ふんまん,懣える,もだ,いきどおり、心中にわだかまること。腹立たしく、もだえること。≒憤懣〈漢字ペディア〉
G0816,5,嶢闕,ぎょうけつ,嶢しい,けわ,"宮城のたかい門。〈漢字源〉
高い門。皇居の門を言う。〈新大字典〉
宮城の高い門。〈漢辞海〉"
G0817,5,懾服,しょうふく,懾れる,おそ,おそれしたがうこと。おそれひれ伏すこと。≒懾伏、慴伏〈漢字ペディア〉
G0818,5,抒情,じょじょう,抒べる,の,≒叙情〈漢字ペディア〉
G0819,5,抒溷,じょこん,抒く,のぞ,かわやの糞尿をくみ取ること。〈新大字典〉
G0820,5,拑口,かんこう,拑む,つぐ,口を閉じてものを言わないこと。≒緘口、箝口、鉗口〈漢字ペディア〉
G0821,5,拆字,たくじ,拆く,さ,"漢字を偏･旁･冠･脚などに分けて、吉凶を判断した一種の占い。「徳」を、「人十四心」とするなど。〈漢辞海〉
占卜の一種。文字を扁･旁･冠･脚に分けて吉凶を占うこと。「松」を十八公とする類。〈新大字典〉"
G0822,5,拌蚌,"はんほう
はんぼう",拌る,わ,"はまぐりをわりて珠を取る。〈字源〉
はまぐりをわり、珠を取ること。
はまぐりを裂く。〈字通〉"
G0823,5,馬捶,ばすい,捶つ,"むちう
う",馬を鞭打つこと。また、馬をむちうち。〈漢字源〉
G0824,5,造搆,ぞうこう,搆える,かま,組み立てて作ること。特に、建造物を造り構えること。また、そのつくられ方やつくられたもの。つくり。構造。〈日本国語大辞典〉
G0825,5,搶地,"そうち
しょうち",搶く,つ,"地を突く。〈字源〉
地をついて、なげく。〈字通〉
地につく。地にとどく。はらばって哀れみを乞うこと。〈新大字典〉"
G0826,5,蒐畋,しゅうでん,畋り,か,"春の狩り。≒蒐田、蒐狩〈漢辞海〉
かり。また、かりをする。≒蒐田〈漢字源〉
かりする。≒蒐田〈字源〉"
G0827,5,敖民,ごうみん,敖ぶ,あそ,"なまけ遊ぶ民。〈字源〉
遊んで暮らしている人。〈漢辞海〉
なまけ遊ぶ民。逸遊の民。〈新大字典〉"
G0828,5,晏起,あんき,晏い,おそ,朝、おそくまで寝ていること。朝ねぼうすること。〈漢字ペディア〉
G0829,5,晏如,あんじょ,晏らか,やす,安らかなさま。安心して落ち着いているさま。〈漢字ペディア〉
G0830,5,盟歃,めいそう,歃る,すす,"血をすすりあって誓うこと。〈漢字源〉
血をすすって誓うこと。〈新大字典〉
生贄の血をすすりあって神に誓いを立てる。〈漢辞海〉"
G0831,5,歛丐,かんかい,歛む,のぞ,物をもらおうとするこじき。〈漢字源〉
G0832,5,陣歿,じんぼつ,歿ぬ,し,陣中で没すること。戦地で死ぬこと。戦死。〈漢字ペディア〉
G0833,5,汪茫,おうぼう,汪い,"ひろ
ふか","水の広大なるさま。〈字源〉
水の広大なさま。〈新大字典〉"
G0834,5,滲泄,しんせつ,泄れる,も,"1.しみとおってもれる。
2.財務に穴をあける。会計のもれをつくる。
3.医学で、利尿をいう。〈漢辞海〉"
G0835,5,泅児,しゅうじ,泅ぐ,およ,水泳に熟練した者。〈新大字典〉
G0836,5,沮遏,"そあつ
しょあつ",沮む,はば,"おしとどめる。阻止する。〈字通〉
進んでくるのを食い止める。〈新漢和大字典〉
さえぎりとどめること。妨害すること。そあつ。〈日本国語大辞典〉"
G0837,5,洶動,きょうどう,洶く,わ,"騒いで、静かにならない。〈漢辞海〉
騒ぎ乱れる。〈漢字源〉
大騒ぎする。〈字通〉"
G0838,5,涸轍,こてつ,涸れる,か,"わだちにたまった水が乾いたあと。非常に苦しい境遇のたとえ。〈漢辞海〉
1.わだちの水たまりの乾いたあと。
2.非常に苦しい境遇のたとえ。涸轍の鮒魚〈漢字源〉"
G0839,5,溷淆,こんこう,淆す,みだ,"いりみだれたさま。ごたまぜなさま。渾淆。≒溷肴〈漢辞海〉
入りみだれる。≒溷肴、溷錯、混淆〈漢字源〉"
G0840,5,淙潺,そうせん,淙ぐ,そそ,"さらさらと水の流れる音の形容。〈漢字源〉
水声。〈字通〉
水がさらさらと流れる音。〈漢辞海〉"
G0841,5,湫宅,しゅうたく,湫い,"ひく
せま","低くてせまい家。〈新大字典〉
狭屋。〈字通〉"
G0842,5,湍瀬,たんらい,湍い,はや,"早瀬。〈字通〉
早瀬。〈字源〉
流れの急な浅瀬。早瀬。〈新大字典〉
早瀬。特に、石の上の急流。〈漢辞海〉"
G0843,5,膏渟,こうてい,渟まる,"た
とど","淵などが油のようによどんで静かなさま。〈漢辞海〉
水の表面が油のように、波一つたたえず、静かなさま。〈漢字源〉"
G0844,5,滉瀁,こうよう,滉い,ひろ,"水が広々とたゆたうさま。≒滉漾、滉蕩〈漢字源〉
湖が海洋などで、水面が広々としていて底の深そうなさま。〈日本国語大辞典〉
水の広く深いさま。≒滉漾、滉蕩〈漢辞海〉"
G0845,5,忝辱,てんじょく,忝める,はずかし,"はずかしめ、けがす。≒忝汚〈漢辞海〉
はずかしめること。〈新大字典〉"
G0846,5,溥天,ふてん,溥し,あまね,"天のおおうかぎり。全天。〈漢辞海〉
天のおおうかぎり。天下。≒普天〈漢字源〉
天が地上をおおうかぎり。おおぞら。普天。〈新大字典〉"
G0847,5,溟濛,めいもう,溟い,くら,"小雨が降ってうすぐらいこと。また、その雨。〈漢字源〉
小雨が降ったり曇ったりして、うす暗くぼんやりしているさま。〈漢字ペディア〉"
G0848,5,浣滌,かんでき,浣う,あら,"あらいすすぐ。≒浣濯、浣洒〈漢辞海〉
洗いすすぐこと。〈新大字典〉"
G0849,5,澡熨,そうい,澡う,あら,"欠点を改めて良くする。〈漢辞海〉
洗って火熨斗をかけること。転じて、旧弊を去る意。〈新大字典〉
湯のし。〈字通〉
洗いて火熨斗をかける。転じて、旧弊を改め去る義。〈字源〉"
G0850,5,濆水,ふんすい,濆く,"わ
ふ","地下から湧き出る水。噴泉。〈漢辞海〉
大水のあふれた水。また、ふきだす水。〈新大字典〉"
G0851,5,炸裂,さくれつ,炸ける,"はじ
さ",爆弾・砲弾などが爆発して、はじけ散ること。〈漢字ペディア〉
G0852,5,軽煖,けいだん,煖かい,あたた,"軽くてあたたかな、よい衣服。〈漢字源〉
軽くあたたかい衣服。≒軽暖〈字源〉
1.ふんわりと軽くて暖かいさま。また、その衣服。
2.ほのかに暖かい。〈漢辞海〉"
G0853,5,撚紙,ねんし,撚る,"ひね
よ","紙を指先でよる。また、こより。〈漢辞海〉
こより。≒捻紙、撚子〈字源〉
2.紙をよって紐のようにしたもの。こより。≒捻紙〈漢字源〉"
G0854,5,蹈義,とうぎ,蹈む,ふ,"仁義の道を実践する。〈漢辞海〉
物事の正しい筋道をふみ行う。〈漢字源〉
正しき義理をふみおこなう。〈字源〉"
G0855,5,煬竈,ようそう,煬る,あぶ,"かまどの火をひとりだけであたって他人にあたらせない。悪い臣下が政治をほしいままにして、君主の賢明さを隠すことのたとえ。〈漢字源〉
かまどにあたる。一人があたれば、他はあたれないのみならず、見ることもできないことから、寵愛の臣が政をほしいままにするたとえ。かまどは、天子のたとえ。〈新大字典〉"
G0856,5,皎厲,"こうれい
きょうれい",皎い,きよ,"自ら高くする、自らほこり高ぶる。〈字源〉
自ら清くしてはげむこと。自ら誇り高ぶること。〈新大字典〉
清高。〈字通〉"
G0857,5,盧弓,ろきゅう,盧い,くろ,"黒塗りの弓。〈字通〉
黒い弓。〈漢辞海〉
黒く塗った弓。〈新大字典〉"
G0858,5,碾茶,てんちゃ,碾く,ひ,"覆いをして育てた茶樹の若芽を蒸して、もまずに乾燥させた茶。臼で挽いて粉末にすると抹茶になる。〈大辞泉〉
覆いをした茶園の若芽を、蒸してもまずに乾燥して製した茶。臼で挽いて抹茶にする。〈大辞林〉"
G0859,5,疎糲,"それい
そらつ",糲い,あら,"1.粗末な食物。粗食。
2.おろそかで、浅薄なさま。〈漢辞海〉
1.粗末な食物。≒疏糲、粗糲
2.おろそかで、あらい。〈漢字源〉"
G0860,5,紕漏,ひろう,紕る,あやま,"あやまって、外にもれる。〈漢辞海〉
あやまりてもれる。〈字源〉"
G0861,5,紿告,たいこく,紿く,あざむ,あざむき告げること。〈新大字典〉
G0862,5,辮髪,べんぱつ,辮む,"あ
く","1.編んだ髪。
2.頭髪の周囲をそり、中央の髪を編んで長く後ろに垂らした髪型。もと、少数民族の男子の風習で、清朝は、漢人にも強制した。〈漢辞海〉
頭髪をあむ。また、頭髪をあんで背後にたれさげた髪型のこと。〈漢字源〉
編んだ髪。編髪。〈新大字典〉"
G0863,5,静聆,せいれい,聆く,き,"心静かにきくこと。〈新大字典〉
静かにきく。≒静聴〈字源〉"
G0864,5,臧否,"ぞうひ
そうひ",臧い,よ,"物事の善悪･是非。人物のよしあしを判断し、批判する。〈漢字源〉
善悪。批判する。〈字通〉
1.善悪。善人と悪人。否臧。
2.善悪を判定すること。〈新大字典〉
よしあし。≒否臧、善悪、淑慝、可否〈字源〉"
G0865,5,葆真,ほうしん,葆つ,たも,"人が生まれつきもっている自然な本質を保ち守る。〈漢字源〉
人が生まれつきもっている純真な本性を保つ。〈漢辞海〉"
G0866,5,褊陋,へんろう,褊い,せま,"狭くていやしい。かたくなで、見識が狭いこと。〈漢字源〉
見識がせまくしていやし。〈字源〉
かたよって狭いこと。〈新大字典〉"
G0867,5,襁抱,きょうほう,襁う,お,"幼児を背負うことと、抱くこと。〈漢字源〉
背負うことと、いだくこと。また、幼少なことをいう。〈新大字典〉
おいいだく。幼稚の義。〈字源〉"
G0868,5,覃思,たんし,覃い,ふか,"ふかく思う。≒深思〈漢字源〉
ふかくおもう。〈字源〉
深く思うこと。〈新大字典〉"
G0869,5,覃恩,たんおん,覃びる,の,"恩を広く施すこと。また、深く広い恩。〈新大字典〉
恩を深くする。恩恵をひろく施す。〈字源〉"
G0870,5,禁訶,きんか,訶る,しか,"とどめしかる。〈字源〉
大声で制止する。≒禁呵〈漢辞海〉
とどめ𠮟ること。〈新大字典〉"
G0871,5,譏訶,きか,訶める,せ,"≒譏呵
1.非難する。
2.詳しく問いただす。〈漢辞海〉
そしる。〈字源〉"
G0872,5,詼俳,かいはい,詼れる,たわむ,"たわむれごと。≒俳詼、詼謔〈字源〉
たわむれごと。俳詼。〈新大字典〉"
G0873,5,誡誨,かいかい,誡める,いまし,"いましめ教える。〈漢辞海〉
戒め教えること。〈新大字典〉"
G0874,5,誥誓,こうせい,誥げる,つ,"1.「書経」の中の、天子のいましめのことばと、天子のちかいのことば。
2.天子が下につげる文と、行軍中に天子が誓う文。
3.つげて誓う。〈漢字源〉
告げ誓うこと。また、ことばをもって誓うこと。口約。〈新大字典〉"
G0875,5,善謳,ぜんおう,謳う,うた,"巧みに歌うこと。〈新大字典〉
よくうたう。〈字源〉"
G0876,5,鼓譟,こそう,譟ぐ,さわ,戦場で、士気を高めるために太鼓を打ち鳴らして騒ぐこと。鬨(とき)の声をあげること。≒鼓噪〈漢字ペディア〉
G0877,5,讙譁,かんか,讙しい,かまびす,"やかましく騒ぐ。≒讙敖、讙囂、讙譟〈漢辞海〉
かまびすしいこと。〈新大字典〉
わいわいと騒ぐ。やかましい。≒喧嘩、讙敖〈漢字源〉
かまびすしい。≒喧譁、讙囂〈字源〉"
G0878,5,讙呼,かんこ,讙ぶ,よろこ,"喜びの声を上げること。〈大辞林〉
喜びのあまり群衆などが声をあげること。また、その声。≒歓呼〈日本国語大辞典〉
1.やかましくわめく。
2.喜びの声をあげる。〈漢辞海〉
≒歓呼
1.うるさく騒ぎわめく。
2.よろこんで大声を出す。〈漢字源〉"
G0879,5,赳赳,きゅうきゅう,赳し,たけ,"強く勇ましいさま。〈新大字典〉
剛毅で、たけだけしいさま。〈漢辞海〉
勇ましいさま。つよいさま。〈日本国語大辞典〉"
G0880,5,趁暖,ちんだん,趁う,お,"陽に当たる。〈字通〉
あたたかな方におもむき向かうこと。〈新大字典〉"
G0881,5,跂踵,きしょう,跂てる,つまだ,"1.つまだつこと。かかとを上げること。
2.転じて、待ち望むこと。〈新大字典〉
1.かかとを上げる。ひたすら待ち望んだり、敬慕するさまをいう。
2.希望する。待ち望む。
3.足を上げる間。短時間のたとえ。〈漢辞海〉"
G0882,5,躄歩,へきほ,躄る,いざ,"いざる。≒躄行〈字通〉
いざって行くこと。〈新大字典〉"
G0883,5,迢嶢,ちょうぎょう,迢か,はる,"高きさま。〈字源〉
険しく高いさま。高峻。〈新大字典〉"
G0884,5,糾逖,きゅうてき,逖い,とお,"悪人をただし遠ざける。〈字通〉
悪人をただし遠ざけること。〈新大字典〉"
G0885,5,遘禍,こうか,遘う,あ,"災いにあう。戦乱などに災難にあうこと。≒遇禍
禍いにあう。〈字通〉"
G0886,5,遨怡,ごうい,遨ぶ,あそ,"あそび楽しむ。〈新大字典〉
あそびたのしむ。〈字源〉"
G0887,5,遶梁,じょうりょう,遶る,めぐ,梁上をめぐる妙音。〈字通〉
G0888,5,解酲,かいてい,酲う,よ,"酔いを覚ます。悪酔いを解消する。〈漢辞海〉
二日酔いを覚ます。〈字源〉"
G0889,5,鉅偉,きょい,鉅きい,おお,"すぐれて大きいこと。〈新大字典〉
偉大。〈字通〉"
G0890,5,鑷白,じょうはく,鑷く,ぬ,白髪を抜く。〈字通〉
G0891,5,閔悼,びんとう,閔える,うれ,うれえいたむ。〈字通〉
G0892,5,閔慰,びんい,閔れむ,あわ,"あわれみ慰める。〈字源〉
あわれみ慰めること。〈新大字典〉"
G0893,5,閔免,びんべん,閔める,つと,"つとめる。≒閔勉、黽勉〈字通〉
つとめはげむこと。すすむこと。黽勉。〈新大字典〉"
G0894,5,陂曲,ひきょく,陂く,かたむ,"偏っていてよこしまなこと。〈新漢和大字典〉
かたよってよこしまなこと。〈新大字典〉
かたよって正しくないさま。〈漢辞海〉"
G0895,5,陜隘,きょうあい,陜い,せま,"1.地形などが、両側がはさまれていてせまい。
2.心がせまい。〈新漢和大字典〉
≒陜阨
1.地勢が狭くて険しいさま。
2.心が狭い。〈漢辞海〉"
G0896,5,韶光,しょうこう,韶しい,うつく,"春の明るい景色。また、春の日ざし。≒韶華、韶気、韶景〈漢字源〉
春光。〈字通〉
美しく輝くこと。また、春ののどかな景色。〈新大字典〉"
G0897,5,餞春,せんしゅん,餞る,おく,"春の去るを送る。春の去るを惜しみて酒食を具して歓をなすこと。〈字源〉
春を送ること。去りゆく春を惜しんで催す酒宴。送春。〈新大字典〉"
G0898,5,驃犇,ひょうほん,犇る,はし,馬が速く走ること。〈新大字典〉
G0899,5,黯澹,あんたん,黯い,くら,"≒黯淡、黯湛
1.うす暗いさま。
2.希望のないさま。〈漢辞海〉
うす暗いこと。≒黯淡、黯湛〈漢字源〉
うす暗い。≒黯淡〈新大字典〉
うすぐらし。≒黯淡〈字源〉"
G0900,5,黷職,とくしょく,黷す,けが,"役人がその地位を利用して不正行為をすること。≒瀆職、汚職〈漢字源〉
官公吏などがその職務を辱めるごとき不都合の行為をする。〈字源〉"
G0901,5,鍼黹,しんち,黹う,ぬ,"衣を縫う。女工をいう。〈字源〉
はり仕事。〈字通〉"
G0902,5,叨冒,とうぼう,叨る,むさぼ,"1.わいろをむさぼる。
2.表彰を受けることを、へりくだっていうことば。〈漢辞海〉
官吏が私利をむさぼり、わいろを欲しがること。≒貪冒、叨貪〈漢辞海〉"
G0903,5,呷啜,こうせつ,呷う,す,"義未詳。
★漢辞海に熟語のみ記載あり。"
G0904,5,饋奠,きてん,奠る,まつ,"物を供えて神を祭る。また、その供え物。〈字源〉
喪中に物を神に供えて祭る。また、送った食糧。〈漢辞海〉
物を供えて神をまつること。また、その供え物。〈漢字源〉"
G0905,5,拊循,ふじゅん,拊でる,な,"いたわっててなずける。〈漢字源〉
1.慰みいたわる。
2.機械などの保守･修理をする。
3.訓練する。〈漢辞海〉"
G0906,5,拯溺,"じょうでき
しょうでき",拯ける,たす,"水に溺れる者をすくう。〈字通〉
水に溺れるのを救う。〈新大字典〉"
G0907,5,搦筆,"じゃくひつ
にゃくひつ",搦る,と,執筆する。〈字通〉
G0908,5,擂鼓,らいこ,擂つ,う,"つづみをうつ。≒擊鼓〈字源〉
太鼓をたたく。〈漢辞海〉"
G0909,5,摺脇,ろうきょう,摺く,くじ,"脇腹をくじく。〈字源〉
わきの骨をくじく。〈新漢和大字典〉"
G0910,5,摺本,しょうほん,摺む,たた,"おりでほん。〈字源〉
長くつないだ紙を折りたたんだ本。折り本。〈漢辞海〉
横に長くつないだ紙を折りたたんだもの。折り本。〈漢字源〉
折り手本。≒摺帖〈字通〉
折り本。〈新大字典〉"
G0911,5,笞擽,ちりゃく,擽つ,う,むちでうつ。〈漢字源〉
G0912,5,殷色,あんしょく,殷い,あか,赤黒い色。血色。〈新大字典〉
G0913,5,亨熟,ほうじゅく,亨る,に,"よく煮る。〈字通〉
十分に煮る。〈字源〉
十分に煮ること。烹熟。〈新大字典〉"
G0914,5,苑結,うっけつ,苑がる,ふさ,"心がむすぼれる。鬱結。〈字通〉
心のふさぐこと。〈新大字典〉
気持ちが晴れないさま。鬱結。〈漢辞海〉"
G0915,5,滲漏,しんろう,滲みる,し,"1.しみもれること。にじみ出すこと。
2.(仏)ある程度の悟りを得た人に残っている、煩悩の余り。多く、禅宗で用いる。〈漢字ペディア〉
1.しもとおってもれる。
2.金銭出納のてぬかり。
3.文字や言葉の抜け落ち。〈漢辞海〉"
G0916,5,爰居,えんきょ,爰える,か,"1.海鳥の一種。
2.住む所をかえる。〈漢辞海〉
1.海鳥の名。
2.住居をかえること。〈新大字典〉"
G0917,5,疼腫,"とうしょう
とうしゅ",疼む,いた,"痛んではれる。〈漢辞海〉
いたみてはれる。〈字源〉
痛みふくれること。〈新大字典〉
いたみはれる。〈字通〉"
G0918,5,辟人,ひじん,辟ける,さ,"よりごのみをしていやな相手をさける。≒避人〈新漢和大字典〉
1.道にはずれた人間を避ける。避人。
2.人を払って道を開ける。〈漢辞海〉"
G0919,5,趣駕,そくが,趣す,うなが,"急いで乗り物の用意をさせる。≒促駕〈新漢和大字典〉
急いで車馬を走らせる。〈漢辞海〉"
G0920,5,圜視,かんし,圜る,めぐ,"大勢の者が周囲をぐるりととりまいて見ること。四方八方から見ること。多くの者が注目すること。≒環視〈日本国語大辞典〉
1.エンシ…目をまるくして見る。驚いて見ること。
2.カンシ…ぐるりと周囲を見まわす。〈漢字源〉
互いに顔を見合わす。周囲に目をやる。〈漢辞海〉
1.エンシ…目を丸くして正視する。目を見張って驚く。
2.カンシ…見まわすこと。〈新大字典〉"
G0921,5,舁送,よそう,舁ぐ,かつ,荷物をかついで運ぶこと。〈大辞林〉
G0922,5,負茲,ふじ,茲す,ま,"諸侯が自分の病気を謙遜して言う言葉。仕事の負担が多すぎる（茲）意。≒負子〈漢字源〉
諸侯が自分の病気を謙遜していう。負子。〈漢辞海〉"
G0923,5,訖息,"きっそく
きつそく",訖む,や,"やむこと。〈字通〉
やむ。〈字通〉"
G0924,5,誑誘,きょうゆう,誑かす,たぶら,"たぶらかしいざなう。〈字源〉
たぶらかす。だまし惑わす。〈漢辞海〉
たぶらかして、さそいこむ。だまして、そう仕向ける。〈漢字源〉"
G0925,5,誚譲,しょうじょう,誚める,せ,"しかり咎(ﾄｶﾞ)める。〈新漢和大字典〉
責める。〈字通〉
責めとがめること。しかり責めること。譴責。〈日本国語大辞典〉
せめる。≒譴責〈字源〉
詰責すること。〈新大字典〉"
G0926,5,謾易,まんい,謾る,あなど,"あなどり軽視する。≒慢易〈漢字源〉
あなどり軽んじる。〈漢辞海〉
あなどる。〈字源〉
あなどりさげすむ。慢易。〈新大字典〉"
G0927,5,逋逸,ほいつ,逋げる,に,"逃亡。〈字通〉
罪をおかして逃亡する。また、その者。〈新漢和大字典〉"
G0928,5,鈔略,しょうりゃく,鈔める,かす,"かすめとる。≒劫略、剽略〈字源〉
かすめうばうこと。≒抄掠、抄略〈日本国語大辞典〉
かすめとる。〈新大字典〉"
G0929,5,咥噬,てつぜい,咥む,か,かむ。〈字通〉
G0930,5,遐覃,かたん,覃ぶ,およ,"とおくおよぶ。〈字源〉
遠くまでおよぶこと。〈新大字典〉"
G0931,5,闢邪,へきじゃ,闢ける,しりぞ,"邪気をはらう。≒辟邪〈字通〉
邪説をひらきしりぞける。〈字源〉"
G0932,5,雍防,ようぼう,雍ぐ,ふさ,"ふさぎ、とどむ。〈字源〉
川などをふさぐこと。また、とどめること。〈新大字典〉"
G0933,5,雍樹,ようじゅ,雍く,いだ,"小児をだきかかえる。抱かれた子が、木にぶらさがったようであることから。〈漢字源〉
小児をいだくをいう。〈字源〉
小児を抱きかかえる。大人の首に抱き着いたこの姿が、気にしがみついているように見えることからいう。〈漢辞海〉
小児を抱くこと。〈新大字典〉"
G0934,5,駛雨,しう,駛い,はや,"にわか雨。夕立。〈漢辞海〉
にわかあめ。≒驟雨〈漢字源〉
ゆうだち。急雨に同じ。〈字源〉
1.にわか雨。
2.ゆうだち。〈新大字典〉"
G0935,5,騫衣,けんい,騫げる,かか,"すそを引き上げる。〈漢辞海〉
衣をとる。〈字通〉"
G0936,5,騫違,けんい,騫る,あやま,ちがうこと。〈新大字典〉
G0937,5,魘死,えんし,魘われる,おそ,夢におそわれて死ぬ。〈字通〉
G0938,5,幷吞,へいどん,幷せる,あわ,他の勢力を支配下に置くこと。≒併呑〈漢字ペディア〉
G0939,5,讐柞,しゅうさく,讐いる,むく,"応対すること。酬酢。〈新大字典〉
応接する。≒酬酢〈字源〉"
