ID,文章
1,遂に【蹉跌】した
2,【錚錚】たる顔ぶれ
3,恙無い十余年を襲う鬼の【霍乱】だった
4,【明礬】の水溶液は酸性である
5,無かった子出来たを抱きて【炬燵】かな
6,山中に【梵唄】を聴く
7,亡骸は【荼毘】に付された
8,【痙攣】のような薄笑いを浮かべる
9,暴虎【馮河】の猛将
10,革命の【嚆矢】となる
11,臀部に【褥瘡】ができる
12,【婉娩】として聞き従う
13,神と御心と人間の心は天地【霄壌】の差
14,【罨法】の繃帯を巻いて患部を静める
15,【腱鞘】の一部を切り開く手術
16,書斎に過ごす【静謐】なひと時
17,軍閥が【跋扈】していった
18,【鍼灸】院に行き手当てを受けた
19,来る【雷霆】の震怒を収めるべし
20,宿の庭の池に【鶺鴒】が来る
21,まことに【忸怩】たるものがある
22,【拈華】微笑、示すも大衆黙黙たり
23,狐疑【逡巡】してチャンスを逃がす
24,雄大な【真鍮】製の燭台
25,【慙愧】に堪えない
26,背を【駱駝】のように僂める
27,窮乏を極めた【惨憺】たる生活の態
28,幼時からの【痼疾】に悩む
29,森林内を暫く【逍遥】する
30,巨蛇の【蜿蜒】として至るを見る
31,肺の為に【喀痰】検査に臨む
32,【駘蕩】たる春光
33,【潺湲】たる流水を渡る
34,目付きの悪い【不逞】の輩
35,【瀟灑】な洋館に住む
36,師の【謦咳】に接する
37,華道家の【剪刀】が光る
38,【掉尾】の勇を奮う
39,目的を弁ずること実実着着慇懃【叮嚀】なり
40,【襤褸】百結の行乞僧に喜捨する
41,世態十年看ること【爛熟】す
42,東海の彼方に【流謫】せらる
43,社会福祉の【均霑】化
44,【蜉蝣】の命を慈しむ
45,薪を集め【炊爨】の準備にとりかかる
46,膵臓の管を【結紮】する
47,【証憑】を湮滅する
48,眼前に【千仞】の崖が聳り立つ
49,官吏を二十歳に【挂冠】した
50,顔色【憔悴】し、形容枯槁せり
51,記念碑に詩句を【鏤刻】する
52,孤魂故城に翔り、【霊柩】京師に寄す
53,【騏驥】も一躍においては、十歩なること能わず
54,手甲【脚絆】を身に付ける
55,治水の為の【浚渫】工事が行われる
56,師の遺訓を【服膺】する
57,青天の【霹靂】のような出来事
58,朝暾六合に【瀰漫】し明光を放つ
59,生豆を浅く【焙煎】する
60,弱小国の領土を【蹂躪】する
61,【刮目】に値する
62,敬服に値する【剴切】な考えである
63,霊地を剽掠せんとする者を【膺懲】する
64,腹をゆすって【哄笑】する
65,非常に病弱で頻りに【喀血】する
66,無辜の民が擾乱の廉で【縲絏】にかかる
67,温顔【靄靄】として子を見る
68,咀嚼して【嚥下】する
69,【靉靆】にて眼を掩えば細字明らかなり
70,炉端にある古い【屛風】の絵
71,疾呼の【譴責】に遭う
72,敵軍の【旗幟】を燃やす
73,【恫喝】と懐柔を駆使した手口
74,顔に【危惧】の色が浮かぶ
75,陽光麗らかな【崑崙】の空
76,両者とも【鷸蚌】の争いで利を奪われた
77,度重なる躪藉に切歯【扼腕】した
78,【穹窿】に雲雀の囀りが響く
79,意識が【朦朧】とする
80,老いてなお【矍鑠】としている
81,旧弊が新たな発想の【桎梏】となる
82,酷寒と【脚気】が身体を襲う
83,放佚【奢侈】を尽くす
84,門前の【偃蹇】たる松の枝が見事だ
85,【窈窕】たる淑女は、君子の好逑
86,【肯綮】に中たった見解である
87,【巫覡】卜相の言に頼る
88,雨天により【急遽】中止となった
89,電話口から【狒狒】旦那が喚いている
90,甲高い【喇叭】の音色が響く
91,月を瞻仰し惆悵として【咨嗟】す
92,古い槧本の判読に【脳漿】を絞り尽くす
93,【嚠喨】たる鐘声が響き渡った
94,全国制覇に向け勇往【邁進】する
95,敵に【邀撃】された
96,【蒟蒻】を千切って煮る
97,【顰蹙】を買う行為を慎む
98,一日沙上に【徘徊】す
99,一億の値が付いた【稀覯】本
100,温和【怜悧】で好奇心に富む
101,【幽邃】なる山間に居を構えた
102,【惻隠】の心は仁の端なり
103,【綢繆】恋恋の情を断ち切れず苦悶した
104,【慟哭】して柴荊に返る
105,彼は門前に立ち【憮然】と呟いた
106,両者に【截然】たる仕切りがある
107,仇敵の言が彼の襟懐を【攪拌】させた
108,事情を【斟酌】する余地はある
109,理の【明晰】と語気の鋭さが文句に閃いている
110,兄弟は【対蹠】的な性格である
111,機動隊が【警邏】する
112,【絨毯】を敷く
113,涙【滂沱】として流る
114,挙動の【胡乱】な者たちだ
115,因果応報、天罰【覿面】
116,紙の端で指を切ったので【絆創膏】を貼った
117,老牛、【舐犢】の愛を懐く
118,明星【煌煌】たり
119,【邯鄲】の夢
120,【閘門】を開閉して水位を調節する
121,大きな【牛蒡】の葉が茂っている
122,目的地は【咫尺】の間だ
123,船檣の帆には【髑髏】が描かれている
124,老い曝えた【耄碌】の老人
125,容姿【嬋娟】とした女性である
126,【舳艫】千里、旌旗空を蔽う
127,未踏の【島嶼】を調査する
128,人質に罪の【幫助】を強制する
129,【微恙】のため休暇をとる
130,【悋気】は恋の命
131,猿臂を伸ばせる者、【蹲踞】して煙草を吹く者
132,中世【縉紳】の佚居の風を素描する
133,往時を【髣髴】させる
134,罪業を【懺悔】し天地に跼蹐す
135,夙に起きて【看経】す
136,【豌豆】の茎を撮んで口に入れる
137,外で称讃し、内で【揶揄】する
138,本心常に【韜晦】して明らかにせず
139,水に臨んで【蝦蟇】に擲つ
140,智慧と理窟が【内訌】する
141,何物かに【拉致】された
142,闖賊は勢い益々【猖獗】になり、軈て都も危うし
143,殿様の【耳朶】に触れる
144,人里離れた【辺鄙】な土地
145,抹香嘗めた【閻魔】のよう
146,連環の【艨艟】は悉く舵を曲げた
147,【剽軽】な動作が笑いを誘う
148,酷く【酩酊】して蹌蹌踉踉たる足運びである
149,【怪訝】な顔をするな
150,今の少年は不遜なり【軽躁】なり
151,舞台の【緞帳】が下りる
152,【眈眈】として辺りを睨め廻す
153,生真面目で【朴訥】な人柄
154,瑠璃も【玻璃】も照らせば光る
155,少しも【躊躇】の色を示さない
156,柄杓半杯の湯を入れ【茶筅】で攪拌する
157,狭隘なる者は【粗鬆】なる筆を走らす
158,【琥珀】は腐芥を取らず
159,【嘖嘖】たる名声を博した
160,【迂闊】にも口を滑らす
161,全くもって【不埒】千万である
162,【蛇蠍】の如く忌み嫌う
163,【貘】の絵を描いてお守りにする
164,今も昔も自由【闊達】な校風である
165,余韻【嫋嫋】として絶えざること縷のごとし
166,やまあらしは【齧歯】類に属する
167,我が家には【獏】の絵が飾ってある
168,【睚眥】の怨みも必ず報ゆ
169,【恍惚】の域に逍遥する
170,鮑は【蠕動】運動によって移動する
171,仏像の【瓔珞】が燭光に煌めく
172,梵刹に祈る【阿闍梨】、威容を漂わす
173,町の人々から【慫慂】されて会長になる
174,心の【懊悩】を愬える友を持つ
175,該博な知識を持ち、【端倪】すべからざる才人である
176,大きな【琺琅】の鍋で煮込む
177,【蕁麻疹】が発症する
178,戎馬【倥偬】の間に身をおく
179,鬢に【瑇瑁】の笄を挿す
180,立てば【芍薬】座れば牡丹歩く姿は百合の花
181,【昇汞】水を用いて消毒した
182,関東一円を【睥睨】していた
183,親戚から慶事の【招聘】状を貰った
184,しばらく都門【熱鬧】の地を離れた
185,一級過去問題集は【垂涎】の資料である
186,見知らぬ者が【闖入】してきた
187,目が【瑪瑙】のような硬い光を放っている
188,両者に【軋轢】が生じる
189,凡そ民に喪有れば、【匍匐】してこれを救ふ
190,事態は【闡明】になった
191,猛る百獣の【咆哮】
192,黙然として【罵詈】讒謗を浴びる
193,他人を【指嗾】して騒動を喚起せり
194,【開闢】以来の出来事
195,【屹度】次はいけるさ
196,愚政に対して【瞋恚】の炎を燃やす
197,ある【箏曲】家の次男として生まれる
198,江戸の町を【彷徨】する
199,虫害や【旱魃】に因る被害が甚大である
200,【捏造】記事を摘発された
201,【微醺】を帯びた赭ら顔
202,憐憫の念から自己【欺瞞】に陥る
203,朝廷に奏上せり、諸侯に【諮詢】せり
204,水際に【欸乃】の声を聴く
205,山には魑魅、水には【魍魎】
206,【涅槃】に達する
207,【玲瓏】たる美声で歌いはじめた
208,雨水を【濾過】して飲料水にする
209,【饂飩】一枚笊に盛る
210,この災禍、【魑魅】の戯れか
211,【囂囂】たる輿論は大雷雨の如し
212,【呱呱】の声を上げる
213,辛うじて【余喘】を保つ
214,【傀儡】政権は間もなく転覆した
215,【放埒】な行動をとる
216,帰国する人の気持ちを【忖度】する
217,【輓近】の世界情勢から目が離せない
218,忿懣遣る方無い弁駁は明らかな【齟齬】であった
219,【齠齔】にして法学に長ける
220,雪嵐が見る見る【輜重】を埋没した
221,甘味屋で【餡蜜】を頂く
222,それは【贔屭】の引き倒しである
223,啜泣は波打つ【歔欷】へと変わった
224,【貪婪】な金銭欲
225,奉仕活動によって【贖罪】する
226,和服に【繻子】の帯
227,二年間、始終【齷齪】していた
228,【焙烙】で豆を炒る
229,【衲衣】と袈裟を着ている半身像
230,万一の【僥倖】を願う
231,【齲歯】の孫娘笑わんとして成さず
232,【啖呵】を切る
233,雑務が【輻輳】する
234,子どもたちが公園で和気【藹藹】と遊んでいる
235,些細な釁端から【刃傷】沙汰に及んだ
236,華容【婀娜】として、我をして餐を忘れしむ
237,彼の欲は耿耿として【須臾】も熄まず
238,皓白たる【襦袢】姿
239,父の面影を【彷彿】とさせた
240,公爵を【誣告】した罪を咎める
241,【轆轤】を回転させて食器を形作る
242,人を喰ったような【慇懃】無礼な文章
243,暮し向きの【慳貪】な男
244,京都で薯蕷【饅頭】を頂く
245,不平が社会に【胚胎】した
246,いつか【懈怠】来て腐儒となり果てり
247,彼女の伎倆は進み【儕輩】を擢んでる
248,荒怠相誡め、【自彊】息まざるべし
249,天から【隕石】が落ちてくるかのよう
250,【膀胱】の緊張が限界に達する
251,【螺鈿】細工の上等な文箱
252,【鰥寡】孤独を愍れみ救う
253,【無辜】の学問に弾圧があった
254,他人の【疝気】を頭痛に病む
255,武事に文事に【切磋】琢磨する
256,彼の付和雷同ぶりには殆【辟易】している
257,弁士は聴衆の前で【獅子吼】した
258,【茗荷】の餅を仏壇に供える
259,良心の【呵責】に苦しむ
260,千人の諾諾は、一士の【諤諤】に如かず
261,二人は【伉儷】の約を結んだ
262,至尊の【忌諱】に触れる
263,厳しい詮議立てに【放屁】で返答する
264,気散じに【諧謔】の一句を詠む
265,やっとの思いで錠剤を【咽下】した
266,【執拗】に自説を張り上げる
267,歌舞伎界の【巨擘】と称えられる
268,世相を【諷刺】する
269,【鴃舌】の人、先王の道を非とす
270,街中で旧師と【邂逅】する
271,元気【潑溂】たる青年
272,【洒脱】な風格
273,重い【疱瘡】に罹る
274,改革の気運が【澎湃】として起こった
275,名匠の手捌きに【瞠目】する
276,臣は君の【猜疑】心の強さを知悉している
277,真夏の如き【溽暑】が続く
278,最後【通牒】を発する
279,長兄の警句を【咀嚼】する
280,曩祖より紡がれる【煩瑣】な系図
281,曠野の【落暉】に騏驥は駛せる
282,【狡猾】たる籌筴の成功に北叟笑む
283,この方とは【昵懇】の間柄です
284,他人事に【容喙】するものではない
285,能く成すには【先蹤】を肄うべし
286,俳聖に【親炙】して弟子となった
287,大宰府への下向は官位【褫奪】に等しい
288,【逆睹】しがたい形勢である
289,金属製の【艤装】を施す
290,春寒【料峭】の候に発つ
291,愈愈【啓蟄】の候を迎える
292,【敬虔】の意を以て福音を説く
293,【肇国】の記念日を休みとする
294,官僚間の繁文【縟礼】に縛られる
295,【麾下】の将兵数万に達する
296,この【黎明】を齎した英傑
297,疑懼の念が【蠢動】する
298,洋風の【瀟洒】な家に住んでいる
299,天譴【天誅】の下に泰平在り
300,伯曰わく、【猥褻】は憂き世に必要である
301,その瞳睛に王位【簒奪】の意を巡らしている
302,洋上に【対峙】するは百艘の艨艟
303,夜叉王が【眷属】を従えてやってくる
304,恩師の忠告を【反芻】する
305,密航中の貨物船を【拿捕】する
306,唐草模様の【袱紗】に漆器を包む
307,身の丈程の【棍棒】を振回す膂力
308,新聞の批評に【反駁】を加える
309,【登攀】技術が高い
310,秕政なれば文武は【凋落】す
311,この【稀有】の機会を逃さず
312,心身【羸弱】し悄然として嘆く
313,人口の【稠密】な地域である
314,【老獪】も処世の筌蹄である
315,日がな一日【無聊】を託つ
316,経済弱者を【裨益】する
317,道徳的【誤謬】に陥る
318,人間が人間を裁くことは【僭越】である
319,弱冠にして【痔瘻】を患う
320,血を見て【癲癇】を起こす
321,【社稷】を憂うる臣少なし
322,古人の粉本を摸し意匠を【剽窃】する
323,市史の【編纂】に従事する
324,檄書を【封緘】して捺印する
325,先生の輝かしい生涯を【縷縷】切切と語る
326,他からの【掣肘】を受けない
327,日月【荏苒】として代謝す
328,呼ぶ声に【莞爾】として片手を上げた
329,錆びた【薬莢】が散逸する現場
330,【嶄然】として頭角を見す
331,大いに【逕庭】有りて、人情に近からず
332,倒れ行く幕府の【大廈】
333,終身【膠漆】心まさに在るべし
334,赤ん坊が唸り声や【喃語】をあげる
335,【幔幕】の内にて籌を廻らす
336,錦を衣て【尚絅】す
337,酖溺し【蹌踉】蹣跚として歩く
338,橋の袂に【擱坐】した戦車
339,傾城傾国をどうする【了簡】もなかろうに
340,心の中の塵埃や【渣滓】を吐き出す
341,非望を【覬覦】するの愚を犯していた
342,目の前の激務に【鞅掌】している
343,旌旗林の如く風に翻って【喊声】天地に震う
344,麒麟児の【崑玉】の詩を詠む
345,亟遊の地に【縊死】す
346,【尺蠖】の屈するは、以て信びんことを求むるなり
347,声を嚥んで【動悸】を抑えている
348,漢字の【偏旁】を楷書で書く
349,文壇的人非人として【擯斥】される
350,【斗筲】の人、何ぞ算うるに足らんや
351,【薫蕕】は器を同じくせず
352,【琴瑟】相和す
353,【聚斂】の臣あらんより寧ろ盗臣あれ
354,先民言うあり、【芻蕘】に詢る
355,【薏苡】の謗、自ら明らかにするあたわず
356,寸間も【苟且】に過ごさなかった
357,これを【毫釐】に失すれば謬るに千里を以てす
358,九仞の功を【一簣】に虧く
359,早起【盥漱】して本堂に籠もる
360,あの大学者は【僻陬】の地に育った
361,悪漢を捕らえて【囹圄】に錮す
362,彊大な颱風が日本を【震撼】させた
363,天神【地祇】の冥助を蒙り給う
364,彼【裸裎】すと雖も、安んぞ能く我を汚さん
365,【鶴唳】を聞いて軍兵は退却した
366,関関たる【雎鳩】は、河の洲に在り
367,朝菌は晦朔を知らず、【蟪蛄】は春秋を知らず
368,泥酔し【蹣跚】として跋歩する
369,一月、【馥郁】たる梅の香
370,奢侈軽薄は亡国の【鴆毒】となる
371,酒色に顧慮を闕いては【沈湎】は免れず
372,勝利の栄冠は【炳】として頭上にある
373,話をして伶俐【侏儒】を甄別する
374,大河の潤す【膏腴】なる大地である
375,志気の無さゆえ【巾幗】を贈られる
376,濁穢を【蟬蛻】し、もって塵埃の外に浮游す
377,嘔啞【嘲哳】、聴くを為し難し
378,雄弁に【瞞著】一切なし
379,慢性的な【譫妄】状態が続いている
380,濃霧の中に【倏忽】として氷山が現れた
381,長身【白皙】の紳士である
382,人世の繋縛を【斫断】する
383,【絨緞】の上に餉台を一つ置く
384,【螻蟻】の誠、拠を信ずる処無し
385,【妲己】のお百
386,むやみに【打擲】するな
387,孔の字の右側は【乙繞】という
388,ほしいままに大臣を【黜陟】するの非をせめる
389,形影相弔い五常【愧赧】す
390,【矻矻】として少しも怠らない
391,敬事有らずんば、敢えて【袒裼】せず
392,旧弊を廃却して新しい道徳を【提撕】する
393,夜は【卓袱】料理で有名な店で食事をした
394,【卓犖】たる論弁の才が具わる
395,理非曲直を【甄別】する
396,出席者に【忌憚】のない意見を促す
397,【辣腕】家として有名だ
398,【忽焉】として逝く
399,人心から【乖離】する
400,全くの【冤罪】だ
401,【倉廩】実ちて礼節を知る
402,【麝香】は薬料にも使われる
403,【獺祭】書屋主人と称した
404,名を【竹帛】に垂る
405,利益の【壟断】を許すな
406,十分に【推敲】を重ねた
407,色紙に【揮毫】する
408,一面に緋【毛氈】を敷く
409,【阿吽】の呼吸
410,【繊細】な神経
411,【瑕疵】のある商品だ
412,【緘黙】して語らず
413,【吝嗇】な人だ
414,【寂寥】とした境内
415,ここで【熾烈】な戦いがあった
416,二十歳代で【夭折】する
417,血管が【収斂】する
418,今日の空は【群青】色です
419,地方きっての【素封】家だ
420,白萩の垣根は【禰宜】の軒端らし
421,策を【帷幄】の中にめぐらす
422,座ると早速【帙】をひもといた
423,饑饉には【救恤】の備えをなす
424,【咄嗟】の間の出来事だった
425,劬労を【羈束】とするべきではない
426,眼光は【炯炯】として人を射る
427,悲惨の境に【沈淪】する
428,この原稿はまだ【書肆】の手に渡していない
429,冷戦の【終焉】という事態に対応する
430,【蜂蠆】の毒に犯さるるが如し
431,【夙夜】おこたらず机に向かう
432,【瓦礫】の中から再び起つ
433,潮は月の【虧盈】に随う
434,師の処る所、【荊棘】生ず
435,海原が【縹渺】として眼前に広がる
436,経済弱者を筆頭に政府を【騒擾】した
437,泣いて【馬謖】をきる
438,【伽羅】枕に香を仕組む
439,【讒謗】律により言論に弾圧を加える
440,なかなか旧体制の【残滓】が抜けない
441,はるか山の彼方を【瞻望】する
442,万事好調ですっかり【有卦】に入った
443,虚誕妄説を排して、人心の【蠱惑】を払う
444,門下大いに驚いて【擾乱】す
445,一子相伝の秘術の筈が暗暗裏に【伝播】していた
446,厭離【穢土】と対をなす欣求浄土
447,巷を騒がす【剽悍】無比の鼠賊共
448,事業に頓挫して失望【落魄】の日々だ
449,ひどく【頤使】されていた時期があった
450,富貴なれば【驕奢】を生ず
451,海上の静謐を擾す【烏滸】な密漁者どもめ
452,【牛頭】阿傍は地獄の番人である
453,国家を【肇造】する
454,歯骨の内側が【壊死】状態となった
455,【這般】の情勢に緊急対応を図る
456,【弥縫】の策を講じる
457,宮殿の石畳に列して【一揖】する
458,国際的な【紛擾】に発展した
459,強い【輻射】を受ける
460,捏造記事と文書【改竄】が滔っている
461,釈尊を弟子たちが【囲繞】する
462,后の御来駕により竟日【殷賑】の巷となった
463,仕事の【間隙】を縫って帰郷する
464,【平仄】が合わない話
465,二十六聖人が【磔刑】に処せられた
466,開店準備で【怱忙】の極みだ
467,【俎上】の魚、江海に移る
468,【万斛】の熱涙をそそぐ
469,古い【破風】造りの家並が美しい
470,古代文明の遺産の数々が【目睫】の間に在る
471,石畳に【戛然】と馬蹄が響き渡る
472,整然とした【街衢】が続く
473,世俗の【塵埃】にまみれた生活を送った
474,衣裳は【素襖】、上下、熨斗目を用いた
475,盆栽が【一掬】の風流を醸し出している
476,陰に【苞苴】を収め便宜をはからせた
477,【縷説】するまでもなく明らかなことだ
478,【操觚】界の見識が問われるところである
479,印章を【小篆】で彫り上げる
480,作品に【褒貶】を加える
481,【飆風】に砂が巻き上げられた
482,胸中の【恐懼】が霧散した
483,巫女のもとに【翕然】と村人が集まった
484,【豺狼】の如き無慈悲な行為だ
485,主に【扈従】して旅を続けた
486,木食して枯木宛らに【羸痩】する
487,恋愛は人生の【秘鑰】であると言われる
488,【邏卒】が警備に駆り出された
489,自由平等の【大旆】を翳す
490,薬石効なく【溘焉】として逝く
491,【偈】を作って悟境を提示する
492,初めて【膂力】の衰えを自覚した
493,隣国と【干戈】を交えることとなった
494,【目睹】した者は少なくない
495,燭を【仏龕】に点じた
496,【斃死】した旅人を荼毘に付する
497,正岡子規の命日を【獺祭忌】という
498,禍乱を【戡定】し四海を治める
499,スペイン【駐箚】大使として赴任した
500,【疇昔】の訓戒を服膺している
501,【兵站】部に伝令を飛ばした
502,松林の【別墅】で病を癒やした
503,強か吞んで頭【岑岑】たり
504,【鹵獲】した兵器を使用する
505,多項式の各項を【降冪】の順に排列する
506,【杳】として原ぬべからず
507,【発兌】号から欠かさず購読している
508,兵士達が【吶喊】の声を上げた
509,脇付に几帳面な字で【猊下】とあった
510,彼奴の粋狂には【之繞】が掛かっている
511,往昔の街衢が描かれた【鳥瞰図】である
512,【撥乱】反正の人となる
513,逡巡を払い【怯懦】を拭う
514,宮廷の癌を【剔抉】する
515,彼の一声が【寂寞】を破る嚆矢であった
516,種種の【蔬菜】を品騭する
517,王は人心の【収攬】に努めた
518,輿論は【囂囂】と沸き上がっている
519,峻烈な【呪詛】の意志を罩める
520,仁政が【蒼氓】の労劬を減軽する
521,宝算四十九を以て【薨去】された
522,臥榻の側ら他人の【鼾睡】を容れず
523,厲精なる者と【懶惰】なる者の畛畦を設けない
524,渦中の雌雄が【同衾】する諷刺画である
525,同郷の友からの【餞別】の品を携える
526,無用の弁を【滔滔】と垂れる
527,運は【賽】の目次第
528,終戦の大詔が【渙発】された
529,彼の才気【煥発】な質を見た
530,宏壮な建物が【櫛比】している
531,【贓物】故買の容疑で逮捕された
532,兵燹の【余燼】が惨きを物語る
533,顔に【疱疹】が出る
534,皇帝の祭服を【宦官】が運ぶ
535,浄く苔無くば【成蹊】の如く花木繚乱たり
536,刺すような【疼痛】を感じる
537,農人は【草莽】の臣なり、商工は市井の臣なり
538,歯の浮くような【阿諛】を弄する
539,捕手の影が一団に【蝟集】する
540,葉書一枚で【馘首】された
541,頭の鋭い【狷介】な毒舌家
542,世に対して半ば【慷慨】し、半ば冷嘲した
543,造次にも【顚沛】にも国体を貶めるべからず
544,疾風に【勁草】を知る
545,一家の【団欒】を大事にする
546,斯学を【揺籃】を綴る稀覯本であった
547,【蜃気楼】のように朦朧と現れ出る
548,新型の感冒に【罹患】してしまう
549,一つの主張から【演繹】せず、無数の事実から帰納する
550,銅鑼の音とともに午時に【解纜】した
551,様々な臆測と【揣摩】が交錯した
552,余生を【謳歌】する
553,背黄青【鸚哥】を飼う
554,衰老を養うに【糜粥】飲食を行う
555,陰陽を【燮理】して靖寧を猷る
556,【屎尿】を汲んで肥やしとした
557,君子の【好逑】となるべき資格
558,論説に乱離【牴牾】を生ず
559,【稟賦】の才能を発揮する
560,我が心の憂いは日月【逾邁】して、而して云来せず
561,妖しく光る【姮娥】
562,【鷦鷯】深林に巣くうも一枝に過ぎず
563,【譬喩】表現を用いて説明する
564,【腋窩】に冷や汗をかいた
565,野合は【驟雨】で中止となった
566,【寤寐】の境に斯く逍遥す
567,間宮海峡の旧称を【韃靼】海峡という
568,他人の私生活をあれこれと【穿鑿】するな
569,幕府の【紊乱】につけこみ無頼者が簇出する
570,【警蹕】の声が四囲に響き渡った
571,【蘭麝】の香りが四辺に漂う
572,字義を学ばずして漢字検定一級に挑むは即ち【蟷螂】の斧
573,大哥より【庭訓】を教わる
574,道路交通法に【觝触】する行為
575,酩酊の【猩猩】に肩を叩かれる
576,四弦の一声【裂帛】のごとし
577,仏の【閼伽】棚に花を供える
578,山は虚無【縹緲】の間に在り
579,昭和三十三年は【戊戌】の年
580,庭に濃く吹く【橄欖】の香
581,【汨羅】の鬼の哭声が聞こえるようだ
582,十二月【己巳】、東都に至る
583,遐域に冤家【蟠踞】す
584,昨年は【乙亥】の歳だった
585,【瓦缶】を敲き楚辞を呻く
586,【聊爾】の沙汰を起こす
587,昭和十三年は【戊寅】の年
588,古典を暗誦【訓詁】する
589,その人の偉勲と【懿徳】を仔細に語る
590,町の【参差】錯落たる美観
591,【馬楝】で擦って版画を仕上げる
592,昭代に【瑕瑾】生ず
593,籠鳥【檻猿】俱に未だ死せず
594,国の為に質素倹約を率先【躬行】する
595,顳顬は【顫動】し、顔色は蒼褪めていた
596,同門に【鬩牆】の事が有った
597,寒気【凜冽】たり
598,谷鳥の哀鳴【啾啾】たるを聞くのみ
599,【醵金】を募り記念碑を建てた
600,学業を【拋擲】する
601,【轗軻】にして数奇なる生涯を送った
602,法眼禅師に【啐啄】同時の機有り
603,青緑色の【釉薬】を使用した陶器
604,【篳篥】の響きが鳴り渡る
605,【先妣】の形見
606,【管鮑】の交わり
607,【棕櫚】縄で垣根を設える
608,【茴香】の実を生薬に用いる
609,【斧鉞】を加える
610,進出の【橋頭堡】とする店
611,【輾転】反側しては周章狼狽する
612,道徳の標準【彝倫】は国民の常智常識なり
613,【万籟】歇みて子夜の寂寞
614,山国の闇恐ろしき【追儺】かな
615,【鍾馗】大臣の棚から落ちたよう
616,厩戸皇子の【諡号】は聖徳太子である
617,四季の【花卉】を以て綵衣の如し
618,一度【耕耘】機を曳けば五挺の鍬に勝るとも劣らず
619,祖母より譲り受けた【布帛】には愛着があります
620,【敷衍】して説明する
621,直線状の【瘢痕】を残す
622,庠校の建設を官衙に【稟請】する
623,【稼穡】懈らずおのずと産を成した
624,父子ともに【謇諤】の節をつくした
625,【吮疽】の仁を尽くす
626,腹水の【瀦溜】が著しくなった
627,輩に別れ群を超え、絢練【夐絶】す
628,畸形な【跛行】文化
629,神殿が真っ先に【焼燬】された
630,講義に欠伸し【倦憊】を示す
631,奇策を以て敵兵の【褫魄】を謀る
632,斗筲の人と雖も【駑駘】にあらず
633,落日が五彩の【虹霓】を染めた
634,往年米国の義挙を【賛襄】する
635,社稷に【禳禱】して五穀豊穣を祈る
636,【槽櫪】の間に騈死し、千里をもつて称せられざるなり
637,【鵝鴨】起ち赤幟奔る
638,間者に対する【鞫訊】は酷烈を極めた
639,賀詞は敬頌【新禧】と書いた
640,彼は【鄒魯】の学に関心が深い
641,人事【紛紜】として会社は落ち着かない
642,寺院の鐘が【鏗鏗】と鳴り響く
643,穹窿に【杜鵑】の行方を追う
644,謫落して【跼蹐】の日々を送る
645,七夕の夢の浮橋は【烏鵲】かな
646,卑しき村邑に【謫徙】される
647,一介の【廝養】の身であった
648,愛弟子の【駸駸】たる上達ぶりに瞠目する
649,【諠鬧】の場から逃れた
650,狗肉を【搏噬】す
651,難病が【痊癒】する奇蹟
652,兵士は皆青窄の【襯衫】を着した
653,東天に昇る【朝暾】を拝する
654,悲歎心痛のあまり【毀瘠】骨立している
655,【遐陬】僻壌と雖も学校が設置された
656,打嚔して【涕洟】飛ぶ
657,【遐邇】の民は王に帰属する
658,潺潺として泉が【瀉出】する
659,比類なき【丕績】を残した
660,【登遐】の日に際して諸王の葬に会する
661,善は【勠力】を須要とす
662,宝幡及び【鏡匳】を寺に施入する
663,機警なる【譎詐】に乗ぜられる
664,怒鶻此に来たりて【腥羶】を窺う
665,眉宇に【鷙悍】の気を漂わせる
666,草茅を焚き、【榛莽】を斫る
667,節義を守って【村墅】に余生を送る
668,【癇癖】が強くて接しにくい
669,【臍下】三寸に在り
670,【鹵莽】にして漏らす所多し
671,状貌【崟崟】として峨峨たり
672,薄暮に紛れて【遯竄】する
673,【靦汗】しとどに背を濡らす
674,山路【葩卉】繁く野田風日好し
675,【蝸廬】、客を招きて幽なり
676,上【狃習】して其の事を知る
677,縞衣【綦巾】いささか我を楽しましめん
678,四月の山に【嘉卉】を見出す
679,武を以て【鹵掠】する者討ち取る
680,【蒹葭】玉樹に倚る
681,首筋の【癰疽】を切除する
682,美麗【姚冶】なる姿に心を奪われた
683,【翩翻】とひるがえる日章旗
684,老僧は【麈尾】を振って話し始めた
685,【仇讐】の如く貴族階級を憎んだ
686,【寥落】たる寒山虚牖に対す
687,得得たる感情が心のうちに【洶湧】する
688,諸侯が皇帝に【朝覲】する
689,寡婦が揮毫した【閨怨】の句である
690,日月逾邁、【枌楡】を回顧す
691,久しく大兵を屯し供費【殫竭】す
692,山巓山腹白雪【皚皚】たり
693,右手に酒杯を持ち左手に【蟹螯】を持つ
694,凡て【閭巷】猥瑣の事には能く通暁している
695,上京して三年、郷の【蓴羹】を思う
696,話の通じない【慳吝】屋
697,毛髪【鬚髥】共に薄栗毛色の人物である
698,【棣鄂】の情を全うする
699,蕪蔓にして、【耘鋤】すること少なし
700,【樊籠】の裏にあった男が野に下った
701,糊口を凌ぐに【齏塩】を以てす
702,人生【根蔕】無し
703,百の【筌蹄】を以て万事の権衡を保つ
704,宴安は【酖毒】と心得よ
705,いまだ【識閾】に達していなかった
706,半生をかけて【冤枉】を雪いだ
707,【巉巌】峨峨として嶮岨を極めた
708,目、鏡を失えば以て【鬚眉】を正すこと無し
709,垣間見た美姫に【眷恋】する
710,後宮を【詛詈】し主上に及ぶ
711,深さ二尺許りの【地窖】を穿つ
712,【夕暉】すでに斜めに西山に入らんとする
713,【槓杆】でも動かない巌のような権幕
714,大は棟梁と為し小は【榱桷】と為す
715,凱風南よりして、彼の【棘心】を吹く
716,人生相見えざること【参商】の如し
717,国に【巫蠱】の事あり
718,【薤露】の悲歌を手向ける
719,連璧【賁臨】、家内賑やかす
720,我を生みて【劬労】す
721,方趾と【円顱】を持つのは人間
722,【齔齠】にして漢籍に親しんだ
723,【繊嗇】筋力は生を治むるの正道なり
724,【白堊】の砂漠
725,【羈軛】を脱して別世界の人となる
726,松籟【颯颯】、谿声淙淙、相和して喨喨たり
727,【孩提】の童も、その親を愛するを知らざる者無し
728,【譎詭】や不正不義が跋扈跳梁した
729,運斤成風を以て【巍乎】たる楼閣を起こす
730,いまだ【厭飫】するに至らない
731,【牆】の壊るるは隙においてす
732,【扈蹕】する者百人を下らなかった
733,痛烈な【詬罵】を浴びせられた
734,緯武経文を励行し、【賚予】驕侈を節減せよ
735,【鼕鼕】と太鼓が鳴り渡った
736,満架の【薔薇】一院香し
737,交誼を絶ち、【親昵】をも屛けて隠栖する
738,動もすれば狂薬を以て【規箴】せり
739,【蜘蛛】の網に捕らわれる
740,悪鬼どもに【誅戮】の刃を酬いる
741,【眼瞼】がぴくぴく痙攣している
742,【嫋娜】たる麗人が歌いつつ舞う
743,呂蒙【囈語】して周易に通ず
744,【裹頭】の僧兵が狼藉を働く
745,【輒然】として四枝形体有るを忘るるなり
746,従容として【易簀】の時を迎える
747,いつしか【肚裡】に荊棘を生じた
748,宜しく【庠序】を興すべし
749,【怫鬱】として籠居していた
750,詩文から【肬贅】を刪除する
751,虜囚を【擒縦】して間諜と作す
752,山道は【輓馬】輸送で行く
753,冒瀆【鄙陋】の悪行
754,人馬【絡繹】として絶えず
755,未練を【擺脱】して精神を集中させる
756,【旄倪】婦人の琢磨せざる者有り
757,丈夫玉砕して【甎全】を恥ず
758,忝く臣等が【曩祖】を思えば、本願の余裔といっつべし
759,玉輦【巷陌】を通過し畢わんぬ
760,古の風儀は【泯滅】に帰した
761,【渭浜】の器、落落たり
762,神階の【陞叙】を受ける
763,【鯨鯢】の大なる者は長さ千里
764,一座を【流眄】して徐に席についた
765,【僂指】すれば既に六星霜を経たり
766,【掀髥】として色紙に揮毫した
767,四海に【讒誣】して紊す狼藉者
768,【渺】たる海原を眺めて居った
769,この【鯤鵬】の説も寓言ではないというか
770,旧習の【誣罔】を弁じ蒙を啓かんとす
771,【擅恣】の譏りを免れない
772,【憖憖】然として相知るなし
773,爾に誨えること【諄諄】たり
774,【掎角】の勢いを為して敵に迫る
775,かの嶺に【躋攀】せんと擬る
776,新都の【広袤】旧都に倍せり
777,君に【諂諛】しているのではない
778,すでに【擣碪】の音も絶えた
779,【喞喞】たる虫の声が人を愁殺する
780,功臣の【塚上】に桜木が植えられた
781,村の衆庶から【銓衡】して司直を右く
782,都に四年、【蓴鱸】を思う
783,銀子が厳重に【苞裹】してある
784,灯明の傍らに【兀坐】して読書する
785,【惆悵】としてひとり悲しむ
786,帝国憲政の将来に【裨補】する
787,【拮据】二十余年を以て筆を擱いた
788,洪図は【蹉跎】し切歯扼腕する
789,黄金【銷鑠】し、素糸変ず
790,嘉辰令月を【揀択】する
791,故郷の友と【袂別】する
792,寄港地での【淹留】を余儀なくされた
793,【嚼蠟】無味の日録を通見する
794,不夜の花巷に【耽湎】する
795,流水【濺濺】として両陂を度る
796,槐の幹に巨大な【癭瘤】が出来ている
797,僵禽斃獣、爛として【磧礫】の若し
798,山は太地の彩色を【絢煥】す
799,不当な貶斥は御【宸翰】により免れた
800,蘭湯に浴して身体の【垢膩】を盪う
801,【瓊葩】綉葉の春日に遊ぶ
802,【蒿里】、誰が家の地ぞ
803,河水【匯滞】して湖と成る
804,【鴥】たり、かの晨風
805,豪放【跌宕】の気性で狩りを好んだ
806,項王【喑噁】叱咤すれば、千人皆廃す
807,時ならぬ【雹霰】が五穀を傷害した
808,乱世に乗じ【鴟梟】の欲を逞しくする
809,【卸事】して幽邃なる深林に隠栖する
810,古代の【塋域】に暫し佇んだ
811,青磁色の【鴟尾】を載せた屋根
812,好言口よりし【莠言】口よりす
813,官吏怠慢にして【糴糶】の煩を厭う
814,長閑な村に【碓舂】の音が響く
815,【千鎰】の値に当たる
816,夢に胡蝶と為る、【栩栩然】として胡蝶なり
817,【霎時】にして事の重大なるを知った
818,茅茨翦らず、【采椽】削らず
819,【泛駕】の馬に喩うべき逸才である
820,村は【兵燹】に罹り灰燼と化した
821,無人の街衢を【獰飆】が吹き過ぎる
822,此の時惟れ短剣、【仍世】尽く双旌
823,青天【閃爍】して暉を停むる無し
824,【噴嚔】する時は則ち人我を道う
825,みずから耕耘【刈穫】のことを課して人人をはげます
826,騏驥の【跼躅】は駑馬の安歩に如かず
827,【羔羊】の何物たるかを知らざるなり
828,妻の【胎孕】を案ずる
829,誰にも逢わずに【屛居】の日を送る
830,たとい曠野に【仆斃】すとも悔いなし
831,【巻繊】料理で客をもてなした
832,【蟾蜍】両歳、秋林を照らす
833,互いに有無を【懋遷】し利を作す
834,群下の中央にある【大逵】に店を構えた
835,午睡を謂いて【攤飯】と為す
836,千官、【鶩列】して席につく
837,碧潭、委蛇として【隈澳】に傍う
838,頻りに鴻慈に浴し、未だ【鷁退】の歎有らず
839,日が傾き山の【皺襞】が際立ってきた
840,【犂牛】の喩えどおり世に出る時が来た
841,謀叛の報に急ぎ【旋踵】して城に戻る
842,【蚊蜹】膚を咬み虎狼を喰らう
843,【遒勁】無比な筆勢に圧倒され尽くす
844,骨董品を左見右見【品騭】する
845,【犇散】して人っ子一人見えぬ
846,このごろ【譖毀】すること多し
847,命令を心中に【鐫録】する
848,出陣に臨んで【馬絛】を締め直す
849,時時官吏の【鐫黜】あり
850,前人【恁地】に説くも亦未だ尽くさず
851,心を竭くして自ら【勖厲】す
852,詩人の墓碑銘を【搨本】に採っておく
853,【杲杲】たる落日が連山を紫に変ずる
854,人倫に善しと雖も、危言【覈論】を為さず
855,疵瑕【蹉躓】は己の成長を扶く
856,清幽求めて【覓索】す
857,花綻びんとして【靨笑】を含むに似る
858,鳥の腹は【毳毛】でおおわれている
859,人生は朝露に譬え、居世は【屯蹇】多し
860,詞藻の枯れるを悟り、なお筆鋒は【窘蹙】する
861,可憐な【丫鬟】が目に留まった
862,【竇窖】を穿ち秘仏を蔵める
863,已に【呶呶】を要しない
864,悉くその質を【串殺】す
865,【鷽鳩】大鵬を笑うに異ならない
866,人皆【七竅】有りて視聴食息す
867,【嶷然】として人馬を容れない
868,飢饉【荐臻】、民これを愁う
869,【怡怡】たる中堂の笑い声
870,【皁隷】同然に遇された
871,人を【慴伏】させる姿を巍然と備えている
872,一山の豺狼【麋鹿】畏れ従わぬものとてなかった
873,突風【霾翳】を起こして天を暝くす
874,千金の珠は【驪竜】の頷下に在り
875,徐に【摺扇】を開き、うちあおいだ
876,【昊天】成命あり
877,将軍の【驍名】が語り伝えられた
878,顕官の妻と雖も手ずから【舂簸】した
879,饑渇せる四方の民が【麕集】する
880,【歛丐】の跋扈する格差社会
881,【棗脩】を携えて入門を乞う
882,【丱角】にして詩文に長じた
883,齢五十に垂とし、【俛焉】として刻厲す
884,【蓖麻】を栽培して油をとる
885,【冪冪】たる雲を裂いて閃光が走った
886,【卮酒】に月を浮かべる
887,人を差わずに【自售】せよ
888,屋根が【猋風】に巻き上げられた
889,注文と【涓埃】も違わぬ出来である
890,【盍簪】の間に自説を披瀝する
891,【鞭笞】百打を与えて之を懲らす
892,一語中たらざれば、則ち【愆尤】駢び集まる
893,古人の意を知って【説懌】する
894,闔国の【黔黎】が鴻化に浴した
895,【酒盞】を傾けていい機嫌になった
896,正に病翼の【黐粘】に遭うが如し
897,一文で博奕するも【搏景】の日であった
898,悉く【亥豕】の譌有り
899,天子の【棺椁】に七重とされた
900,孔子に【黔突】無く、墨子に煖席無し
901,唯唯【餔歠】するのみ
902,宮室を卑しくして、力を【溝洫】に尽くす
903,駿馬を【豢擾】する主
904,民をして【盻盻】然たらしむ
905,不尽の長江は【滾滾】として来たる
906,婦人の【髻鬟】の風、巴里より流行す
907,天下【乂安】、万里を行くも兵刃を持たず
908,飛鳥も故郷を過ぐるや、猶【躑躅】徘徊す
909,【奸黠】の悪人が見事に描かれている
910,【貂裘】を以て酒に換える
911,【老耋】と侮って痛棒を喰らった
912,【簪珥】を脱して叩首する
913,舞や【婆娑】として、歌堂に満つ
914,【便嬖】の臣を遠ざける
915,眼前に【崔嵬】たる岩山が逼る
916,【闃寂】とした夜の巷を歩む
917,この四方を【朶頤】せんと欲する
918,北辺の【鎖鑰】に勁兵を集める
919,【貽厥】に違い三代を経ずして断滅した
920,【題簽】を自筆で書いてある
921,【卜筮】して然る後に大事を決す
922,母親謹製の【摶飯】を携える
923,恣の奸臣を【貶黜】す
924,【馬鬣】斜めに傾きて毛は瑟縮す
925,【詒謀】を循守して家名を挙げた
926,予予その【佼黠】が知れ渡っていた
927,車馬【麕至】して熱鬧を極めた
928,州に孟瀆有り、久しく【淤閼】す
929,王、【輟食】吐哺して之を罵る
930,冕旒其の頭を束し【黼黻】其の身を拘す
931,折しも【灑涙雨】が降っている
932,【良賈】は深く蔵して虚なるがごとし
933,甕で【醯醢】を製する
934,人心を【羈縻】する思想を排する
935,灯火をかかげて【芸帙】を繙く
936,書画骨董が【糶糴】売買される
937,【醯鶏】甕裏の天
938,園内の雑草を【芟除】する
939,【蛙黽】の声、啾啾たり
940,戎僕、王の【倅車】の政を掌る
941,寸暇を惜しんで【黽勉】する
942,【尠少】ならざる痛手となった
943,午睡より醒め【欠伸】至って快なり
944,一顧だに値しない【幺麼】である
945,【罅漏】を補うに断簡を以てす
946,【亀鼈】の小竪、自らを救うに暇あらず
947,陳列されていた【器皿】を収納する
948,邪な気持ちが筆端に【纏繞】する
949,法制は必ず行い【窪隆】すべからざるなり
950,もし薬【瞑眩】せずんば、その疾癒えず
951,【叶洽】の歳、歳陰未に在り
952,【黽俛】事に従い敢えて労を告げず
953,二国間に【釁隙】を生じた
954,貧窶【困阨】の甚だしきに驚く
955,両蛇の穴を争い【螫齧】するが如し
956,壁の掛け時計が【鏗然】と鳴った
957,行くに臨んで訝る者を【啜賺】す
958,面作品にさしたる【軒輊】はない
959,歩歩に足を止め【瞻矚】に遑あらず
960,鄭重なる【賻儀】を賜る
961,官を辞し【粥文】す
962,一隅に【囁囁】の語が起こった
963,善悪を二つながら【呑噬】して憚らない
964,武員を崇重し、文職を【藐視】した
965,皇門より入り【逵路】に到る
966,【公衙】とは役所のことである
967,【艱窘】に耐えて節義を全うする
968,西欧の文物に感化【甄陶】される
969,法廷で【輸贏】を争う
970,【坡陀】たる白砂の岡阜を眼前にする
971,質素な【午餉】を摂る
972,【柊葉】の状は芭蕉の如し
973,挙止【蘊藉】にして礼節あり
974,合格を【抃躍】して喜ぶ
975,【岌嶷】たる山嶺が聯亙している
976,【甌窶】篝に満ち汙邪（おや）車に満つ
977,【摎殺】の跡がみられる
978,百木【黝藹】として涼涼たり
979,【傴僂】して君門に入る
980,諸川を浚渫して【舟楫】の便を図る
981,日本の原像を求め【藐焉】たる上古に遡る
982,百骸【九竅】の中に物あり
983,鷙鳥に遭い懼懼として【簞食】を失す
984,文質【彬彬】其宜を得る
985,【饕餮】厭くを知らざる人物であった
986,智愚一視して【畛畦】を設けない
987,【輦轂】の下に一大祭典を催す
988,【孱顔】に足を投げ出し空山に蝨を捻る
989,社長は創業者の【仍孫】である
990,【哽噎】極めて切なるものがあった
991,封豕長蛇の如く天下を【荐食】した
992,【圧状】ずくめに承知させる
993,太祖崩じて【抔土】未だ乾かず
994,簿書案牘の間に【汨没】していた
995,【蔚薈】たる叢林に歩み入る
996,国策の概要と【楔子】を摘示する
997,軈て宇内を【綏撫】するに至らん
998,川辺に遊び【軫憂】を上ぐ
999,東に覆敗の軍有り、西に【殪没】の将有り
1000,爵禄なる者は人臣の【轡銜】なり
1001,忠愨能なく、【寒窶】依るなし
1002,大小無数の【冢塋】を見る
1003,【勖勉】して経書に精通する
1004,【罍子】に珍果を盛ってある
1005,屑屑として【錙銖】の利を争う
1006,農夫が【隴畝】で耕作する。
1007,【櫂歌】が川面に響き渡る
1008,【崎嶇】たる道が延延と続く
1009,【幎冒】を為りて乃ち死す。
1010,池に遊ぶ【鳧翁】を飽かず眺めていた
1011,民は【悚懼】して非を唱えず
1012,秘蔵の【青瓷】の壺を譲り受けた
1013,俊彦を求めて後人を【啓迪】せしめる
1014,木の【罌缶】を以て軍を渡す
1015,【頽檐】破屋に自適の日々を送る
1016,幾条もの【薜蘿】が危巌を匍う
1017,【枳棘】は鸞鳳の棲む所に非ず
1018,王妃が【宝祚】を承継する
1019,【泛泛】たる輩勝つことを得ず
1020,【砌下】に立って梅花を望む
1021,積弊の【蕩滌】に肺肝を摧く
1022,【讖緯】に基づき改元を断行する
1023,【簒弑】相次ぐ下剋上の世となった
1024,【徼幸】は、性を伐つの斧なり
1025,この【澆漓】芸術に情熱の逬出は感じられない
1026,【粉齏】せられて迹だに留めなかった
1027,【蜑戸】の連綴する入り江を望む
1028,【黝然】たる海が眼前に広がる
1029,信徒の多くは【磔罪】を申し渡された
1030,悪水沈澱して溝渠を【淤塞】す
1031,【茅簷】の下に終日寒山と対坐す
1032,極秘のうちに【籌筴】をめぐらす
1033,収穫物を【筐筥】に入れた
1034,初夏の候、【簑笠】著け齷齪と鋤く
1035,百丈の祥雲【繚繞】す
1036,徒に日を【玩愒】して縡切るべからず
1037,独り【耿介】にして随わず
1038,群鳥【胙余】を幸いに云う
1039,国の未来を謬らせる【荼毒】となる
1040,雨露の恩により【萌櫱】が生ずる
1041,【恁麼】に学び来らば道に達せん
1042,大学で【楔形】文字の研究に携わる
1043,粉頭鶯声を囀じて【一齣】の賀曲を唱う
1044,名家は苛察にして【繳繞】す
1045,奸臣の陥穽に陥り【轅駒】と成り果てる
1046,【謫所】に月を賞す
1047,急に【亢奮】した
1048,乱世の【奸雄】の一人だ
1049,心から【冀求】します
1050,【戛戛】と馬蹄の音が響く
1051,【清暉】空に満つ
1052,杖を曳く【老媼】に会う
1053,年度別の【彙報】を発行します
1054,【蚕繭】は有力な産業だった
1055,始皇帝は【鷙鳥】のような胸だった
1056,【鳧燕】明らかにし難し
1057,上に【蔚藍】の天有り、光を垂れて瓊台を抱く
1058,【頁岩】をはがしてみる
1059,晩年【奕棋】をこよなき楽しみとした
1060,師の遺稿の【刪修】につとめた
1061,美女のことを【繭眉】という
1062,【恤兵】金を募る
1063,【瀛海】に舟を浮かべる
1064,【牝鶏】晨に鳴く
1065,【疇輩】十余人あり
1066,家鶏を厭い【野雉】を愛す
1067,衆人【熙熙】として楽しむ
1068,音楽は人を地上の【羈絆】から切り離す
1069,諸侯を【翕合】する
1070,【甕天】に沈淪する
1071,二人の間に苦しい【砥礪】の日が続いた
1072,【梟鸞】は翼を交えず
1073,昔は浴衣をつけたまま【盥沐】した
1074,読者を【眩暈】の彼方へ誘いこむ
1075,演説に【譬類】を多用する
1076,【棗栗】を手みやげに出掛けた
1077,人、生まれて六十を【耆】という
1078,八十、九十を【耄】という
1079,【冤家】の為に射らる
1080,掌を指して治世の務めを【譚論】す
1081,鶴【九皐】に鳴き、声天に聞こゆ
1082,この一条は【不謬】のものと確信する
1083,先人の字句を【補綴】した
1084,乱世の【梟雄】と称せられた
1085,【悚然】としてこれを聴いた
1086,稚子は針を敲いて【釣鉤】を作る
1087,山は遠く【空翠】に在り
1088,【寵辱】ともに忘る
1089,【奄忽】として物に随いて化す
1090,御恵みを【黔首】までに及ぼし給う
1091,これを教うるに【灑掃】、応対、進退の節を以てす
1092,【暁闇】陸続と烏の大群が舞いおりる
1093,得意気に【綾羅】を着て歩く
1094,ひろく【譌言】を伝布する
1095,【万朶】の山桜に目をうばわれた
1096,【茆茨】は剪らないままであった
1097,【噬犬】は歯を露さず
1098,【悖戻】の気銷すれば世途畏るべきを見ず
1099,【牖中】に日を窺う
1100,大風吹き起こりて【牖戸】を撲つ
1101,娥娥たる佳人、【瓏玲】たる佳月
1102,【咳唾】珠を成す
1103,【獺】多ければ即ち魚擾る
1104,【打嚔】人の説く有り
1105,【杳杳】として天は低し
1106,【二竪】に冒される
1107,【城砦】のような造りの館に住む
1108,人の鼻息をうかがう【佞利】の術に長ける
1109,【封豕】長蛇を為す
1110,礼楽は【斯須】も身を去るべからず
1111,【薤上】の露何ぞかわき易き
1112,【羆】にあらず虎にあらず
1113,盗賊起こり【弥年】定まらず
1114,天竺国酒を謂いて【酥】と為す
1115,【螽斯】は則ち百福の由りて興こる所なり
1116,人生は白駒の【郤】を過ぐるが若し
1117,【紐釦】に意匠を凝らした衣装を着た
1118,味有る物、【蠹虫】必ず生ず
1119,この【蠹害】を公卿に挙ぐ
1120,精神生活を【蠹毒】する虞がある
1121,弟子は【屑然】として対えた
1122,英雄を【播弄】し豪傑を顛倒するところなり
1123,【噎】に因りて食を廃す
1124,清を揚げ【滓穢】を蕩去す
1125,酒色没溺の【汚穢】に触れるべからず
1126,【黠鼠】機辟に陥り痴蠅蛛網に堕つ
1127,大臣たちは【哂笑】し皮肉を言った
1128,今千金の【玉卮】有り、通じてそこ無し
1129,自ら【牙籌】を執り経営に腐心した
1130,新興勢力の擡頭に【一籌】を輸される
1131,巧笑【倩】たり、美目盼（へん）たり
1132,【髫齔】の天皇は古には未だ有らず
1133,愚臣、【不諱】の朝に処る
1134,嫡男が父の【偏諱】を継いだ
1135,震百里を驚かすとも【匕鬯】を喪わず
1136,猊下の【眷顧】を蒙る
1137,五十年経つと【艾】と言い重要な政務に従う
1138,【魑】は虎の形をした山の神である
1139,冠は【皁絹】を以てこれをつくる
1140,春風吹き【枳殻】の花咲く
1141,【丘壑】の美なる別天地を旅す
1142,帝に献ぐる誄を聴いて堪らず【嗚咽】唏噓と歎傷す
1143,暴悖を【殄熄】し乱賊滅亡す
1144,悲嘆至極、涙【潸然】と下る
1145,渓谷を進むこと【阨狭】百里なり
1146,幸いに【案牘】無し、何ぞ酔うを妨げん
1147,文は【短雋】を以て人に勝る
1148,【一臠】の肉を嘗めて味を確かめる
1149,【煢煢】として孤立し、形影相弔う
1150,【臥榻】の側らを堅固に守る
1151,【謹飭】なる友に対す
1152,【鰥】なるものはその鰥なるにまかす
1153,互いに【揖謝】を交わして別れた
1154,鼻息呼吸、【頃刻】も風を去る能わず
1155,天地震動し日月【蔽虧】す
1156,十五にして【笄】し、二十にして嫁す
1157,繊繊伐たざれば必ず【妖孼】を成す
1158,先代の【遺孼】の元に旧臣が馳せ参じた
1159,道は一原に出で、九門に通じ、【六衢】に散ず
1160,彼におとせる【秉】あり、此にのこれる穂あり
1161,民の【秉彝】は君の懿徳なり
1162,寝穢く眠り呆けて【秉燭】に及ぶ
1163,あそこは【沢鹵】の地で住める所でない
1164,【鎌府】を散策して頼朝を偲ぶ
1165,食後に【茘枝】を味わった
1166,【雕琢】して朴に復る
1167,【忠謇】を納れて以て自ら正す
1168,官は【私昵】に及ばず
1169,垢塵玉を汚さず、霊鳳【羶】を啄まず
1170,天下の至柔は、天下の至堅を【馳騁】す
1171,校外の【岡阜】から町を見渡す
1172,いつしか【剝棗】の季節となった
1173,廛肆に童男【丱女】を遣わす
1174,嶄然として【童丱】の時より才を揮っていた
1175,私欲に徇い、天命に【乖戻】す
1176,【亢竜】悔い有り
1177,【仄日】暮れ泥み喧噪息む
1178,遁れて胸牆に【仆偃】する
1179,【斃仆】を心中に期していた
1180,盗賊の首領を【生擒】し民衆の前に晒した
1181,宗廟の前に【磬折】して中に入る
1182,既に筆力【扛鼎】の域に達した
1183,【不腆】ながら微意を表したい
1184,肩摩【轂撃】眼を眩し耳を聾し
1185,【勿翦】の歓として遺愛の木を残す
1186,虎の視るや【眈】たり
1187,ブナ林は国民の【宝匣】である
1188,貌は柔恭にして人と語るに【嬉怡】微笑す
1189,三十輻【一轂】を共にす
1190,【巽与】の言は能く説ぶこと無からんか
1191,政事乱るるは、即ち【冢宰】の罪なり
1192,顧客に【諛言】を呈する
1193,背信の徒が各方面に【舛馳】した
1194,【岑壑】景色、よく遠遊の心を慰む
1195,【尨】をして吠えしむるなかれ
1196,決行しなければ【噬臍】の悔いとなろう
1197,異香【冉冉】として春風に薫ず
1198,飢寒に陥り【凍餒】に危うし
1199,忠正なる者は言わず、【邪諂】なる者は日に進む
1200,門人まさにこれに【誄】せんとす
1201,その徳を【聿修】す
1202,坤は土なり、【巽】は風なり
1203,【擣衣】の詩五首を詠む
1204,荒涼たる【朔塞】の防備につく
1205,毒水に【獰鱗】多し
1206,友愛の情、篇章の外に【藹然】たり
1207,子墨子の【守圉】余り有り
1208,尽忠匡翼し、終に能く【輯穆】す
1209,皇太子は【践祚】して皇位を継承した
1210,本葬にあたる【斂葬】の儀が行われる
1211,忠臣達は【袂接】し肩摩して蝟集した
1212,【鑰匣】に入れる
1213,不用意な発言が【釁端】を啓く結果となった
1214,【孤犢】、乳に触れ、驕子、母を罵る
1215,臥木は【蠹】を成し易し
1216,至治の【馨香】、神明に感ず
1217,悲惨なる光景、千里に【連亙】す
1218,花下、【一禾】を生ず
1219,【儁傑】にして議論今古に証拠す
1220,汝【猷念】を分かちて以て相従いて、各々中を乃の心に設けよ
1221,出游して田野【桑柘】の間を泛観す
1222,一瓢を携えて【白髥】の老人が現れた
1223,黄禾、【羸馬】を起こたしむ
1224,小人の交わりは甘きこと【醴】のごとし
1225,朕甚だ【愍焉】たり
1226,境内【闃然】として人無きがごとし
1227,古寺の【高甍】が夕靄に映える
1228,硯箱に繊細な【象嵌】を施す
1229,塔が【兀然】と聳えている
1230,道真は讒言により【貶謫】の身となった
1231,【弊袴】すら左右に以て賜わずして之を蔵す
1232,【露簟】清瑩として夜を迎えて滑らかなり
1233,精を得て【麤】を忘る
1234,漢籍に【雕題】をつける
1235,その年の干支は【癸亥】である
1236,惨状を前に【喟然】として嘆息する
1237,【簪笏】を百齢に舎（す）つ
1238,君能く過ちを補わば【袞】廃れざらん
1239,芸術家は人生に無数の【琳琅】を見る
1240,それは【炳乎】として実在している
1241,安心と【怡楽】の満ちた楽天地を目指した
1242,風は【粉膩】を撲って艶めかしい香りを漂わせた
1243,【只管】打坐は坐禅の真髄とされる
1244,雲は心無くして以て【岫】を出づ
1245,万国を【叶和】す
1246,生涯は【匆忙】の間に労し終わんぬ
1247,俗累の【羈絏】牢として絶ちがたし
1248,吾あに【匏瓜】ならんや
1249,大貴族の【擅権】が流血の惨事を呼んだ
1250,母猿【黠】にして致すべからず
1251,善は【戮力】を須要とす
1252,駅舎の【甍瓦】を眺め遣る。
1253,朝夕皇皇として惟民の【餒饉】を憂う
1254,【銀鑰】もて香閣を開く
1255,ただ【諂佞】を行い悦誉を求む
1256,遺稿集に【誄文】を寄せる
1257,工事は予定通り【進陟】している
1258,机上に【巻帙】を繙く
1259,【憫諒】の念が募る
1260,【芳卉】として珍重された
1261,【佇眄】して去りし人の俤を追う
1262,【袞竜】の袖に隠れる
1263,【鞏固】な意志をもつ必要がある
1264,合図の銀鈴を【鏗錚】と打ち鳴らした
1265,山野に禽獣を【豢養】する
1266,【廓寥】とした秋の空だ
1267,【嫩芽】は霜の害を受けやすい
1268,足るを知る者は【藜羹】も膏粱より旨しとする
1269,聖母像に【跪拝】する
1270,多くの【衙門】が建ち並ぶ
1271,【山巓】から霧が滑り降りてきた
1272,【浮萍】の如く妄想が去来する
1273,【兜率天】宮さながらの宮殿楼閣であった
1274,仏前の【龕灯】が揺らぐ
1275,議論は【粗鹵】にして誤謬が多い
1276,窃かに【赧然】として羞じろんだ
1277,野菜が【庖厨】に転がっている
1278,【病羸】の身ながら毎日筆を執った
1279,手巾を目に当て【欷歔】するばかりである
1280,【闔国】の民が大王の死を悼んだ
1281,志士は【溝壑】に在るを忘れず
1282,斯道の大家に【贄】を執る
1283,松の根元に【箕踞】して海を眺めた
1284,【奕奕】たる神女の幻を見た
1285,両者の価値観に大きな【罅隙】がある
1286,【煢然】として独り身の生活を続けた
1287,月々の時評に【椽大】の筆を揮う
1288,昔の日記を【篋底】に秘する
1289,【嬋姸】たる美女達が舞い踊った
1290,詩的な【頌辞】を手向ける
1291,哲学の研究に【孜孜】として励んだ
1292,情勢について【検覈】を加える
1293,珍しいお香を【数炷】焚いて聞き比べた
1294,諂諛を【臚列】した批評が多い
1295,【埃氛】に満ちた世を遁れる
1296,【罪咎】の軽重を量る
1297,特使は恰幅のよい【赭髥】の男だった
1298,玉露、【朝暉】に消ゆ
1299,村の【媼嫗】の昔語りを聞く
1300,徳政を求めて【嗷訴】する
1301,涙ながらに親子は【分袂】した
1302,【夐然】たる彼方に灯火が見えた
1303,戦力は大国に【匹儔】している
1304,博学にして【俊髦】であると賞讃された
1305,観衆に【嗤笑】された身の置き所もない
1306,武人の心をも【震慴】させた
1307,【舅姑】に機嫌を窺う
1308,詩稿に【刪潤】を加える
1309,氏の【淹博】な学識に驚嘆した
1310,主は【縲紲】のうちに在った
1311,異国風の【瑰麗】な建物が目を引く
1312,現下の経済界は【壅塞】の極にある
1313,故人の【斌斌】たる人柄が偲ばれる
1314,一行の【嚮導】と保護とを任とする
1315,納税制度の【釐正】が求められる
1316,隠れもなき【寧馨児】である
1317,漆黒の【雲鬢】を梳る
1318,【孳孳】として学業に勉励する
1319,【竈煙】に燻された梁に家の歴史を見る
1320,法廷で【贏輸】を決する
1321,都の中央に【官衙】が集中している
1322,【安佚】遊冶な生活を送る
1323,【東瀛】の島嶼を歴巡した
1324,太孫が【儲位】に即いた
1325,【嬖愛】する臣下の言を用いる
1326,蔬食【菜羹】と雖も必ず祭る
1327,粛粛と【鹵簿】は進んだ
1328,嫂の【懐孕】を喜ぶ
1329,詩行から【贅肬】を削ぎ落とす
1330,【爺娘】妻子に別れを告げる
1331,【涓滴】も余さず飲み乾した
1332,幽邃の地に【山墅】を営む
1333,成年に達し【婚娶】に至った
1334,金的を射止め【抃舞】して喜ぶ
1335,【瞿然】としてその場に立ち竦んだ
1336,天体の運行を【考覈】する
1337,【孱弱】な軀で長途の旅に出る
1338,其の【敗衄】の因由を闡明する
1339,罪人を辺疆の【戍卒】に充てる
1340,【鶉衣】百結の修行僧に喜捨する
1341,鹹水を【煎熬】して食塩を精製する
1342,【羶肉】を日々の糧とした
1343,法を定めて【禁遏】を加える
1344,【撃柝】の音が夜道に響いた
1345,【凶歉】により徳政を布く
1346,既に【墳塋】の彼方の人である
1347,【潸潸】たる涙が袂を濡らした
1348,朋党比周して【擠陥】讒誣を事とする
1349,先師の遺稿集に【誄詞】を寄せる
1350,人を払って【耦語】する
1351,【延袤】万余里に及ぶ
1352,心静かに【一盞】を傾ける
1353,開化の【弊竇】を逸早く洞見した
1354,【奕葉】相承して今日に至る
1355,【杙】を以て楹と為す
1356,【紅裙】を翻して艶やかに舞う
1357,救い米が領内の窮民に【贍給】された
1358,老臣が幼君を【傅育】した
1359,今回の【糶売】では無比の逸品である
1360,【大纛】に随従して本営に趣いた
1361,金銀【楮幣】が広く流通した
1362,主君の乱行を【諫諍】する
1363,室に忿嫉の声無く、【和煦】の色有り
1364,【酒醴】を作るとせば爾はこれ麴糱なり
1365,所従を伴い遠国の【衙府】に向かう
1366,海内に【兀立】する強国となった
1367,精根尽き果てるまで【搏闘】した
1368,四隣【闃】として眠れるがごとし
1369,嶮路を辿り【開敞】せる海水に達した
1370,講師は晨鐘と共に【黌堂】に赴いた
1371,【寰中】塞外ともに万歳を謳う
1372,【疆界】の内側は外国人居留地である
1373,病を得て【偃臥】数旬に亘る
1374,【箕帚】を携えて庭に向かう
1375,巧緻な文体で一家を【機杼】する
1376,【杳然】として天界高し
1377,【嫩緑】の目にしみる時節となった
1378,瀟洒な欧風家屋が【連甍】している
1379,独酌する毎に【一甕】を尽くした
1380,【騁望】弋猟の事を廃す
1381,乱れた胸中は【靄然】として和らいだ
1382,縁に坐して【簷滴】を見る
1383,【廟謨】顚倒して四海揺らぐ
1384,洛中に【肆廛】を構えた
1385,寧ろ【鶏鶩】と争うを為さんか
1386,【関雎】の楽しみを享受する
1387,容易なことで落ちる【賊寨】ではない
1388,九天の【雨潦】一時に降るかと思われた
1389,殿には【上廁】の際にも護衛がついた
1390,【糧餉】が乏しくなった
1391,周辺に【陪冢】数基を見る
1392,【蒼朮】を飲み発汗を促す
1393,【鈕釦】に意匠が凝らしてある
1394,【殄滅】の宿運を免れなかった
1395,【鳧脛】短しといえども之をつがば則ち憂えん
1396,近世の俳論を【瀏覧】する
1397,辺境【遐壌】に至るまで巡幸された
1398,中納言の【捐館】の事を録した
1399,民衆の間から【懽呼】の声があがった
1400,【左袵】蟹文の風を蔑んだ
1401,久しく各地に【令尹】を務めた
1402,無数の【頭顱】の先に凱旋将軍を見た
1403,凡そ【誠愨】ならざる者は無かった
1404,雨に煙る【遠巒】を望む
1405,【窓櫺】を射る曙光が離床を促す
1406,【警柝】が場内に鳴り響いた
1407,【嬖臣】の重用が朝政を乱した
1408,【僉議】する迄もない事である
1409,新帝即位の後、【奎文】大いに興った
1410,施薬院建立の【懿旨】が下った
1411,【邨醸】野肴を一夕の饗応に充てる
1412,譴責されて【俛首】流涕する
1413,領主の【裔胄】を名乗る者があった
1414,【酪漿】と乳醋酒で渇きをいやした
1415,陛下の【軫念】あらせ給う所である
1416,深窓に育って【笄年】に及んだ
1417,夜半に【瑟瑟】たる松風を聞く
1418,執拗な【推鞫】にあった
1419,宦官に【閹奴】を用いる
1420,軍士沢中に於いて馬草を【鎌取】す
1421,朝猿【甍棟】に響き、夜水帷薄に声す
1422,文字と思しき【楔状】の刻印が認められる
1423,【杲乎】として天に登るが如し
1424,巨大な【丘垤】が点在する
1425,村の【翁媼】を訪ねて昔話を聞いた
1426,【甲戌】の歳には都に大火があった
1427,側近の【佞諂】を厭悪した
1428,【冕旒】の珠玉が風に揺らぐ
1429,罰金若しくは【笞刑】に処せられた
1430,【靦然】として恥ずるところがない
1431,【鴥】たる彼の飛隼其れ飛んで天に昇る
1432,石窟寺院の【龕像】を礼拝する
1433,王には【夭殤】した王子があった
1434,導師は徐に【磬】を打ち鳴らした
1435,【淫祀】に惑溺する者もあった
1436,信者たちの多くは【磔殺】された
1437,著名の作を手厳しく【評騭】する
1438,地の裂け目から熱水が【逬散】する
1439,当家に代代伝わる【讖文】である
1440,苔むした【墓碣】が点在する
1441,博学にして【雋髦】と熱讃された
1442,日麗らかにして碧波【氈】の如し
1443,【籬垣】を廻り表門に到る
1444,京城の【丐者】を禁ずる布令が出た
1445,時を移さず残賊を【剿絶】する
1446,風声鶴唳を以て【勍敵】となす
1447,【蕈中】の奇は松茸に若くは莫し
1448,気風春日の【煦育】するがごとし
1449,側らに面差し美しい【丫頭】が侍していた
1450,【村媼】にいっぱい喰わされた
1451,【胙肉】を賜って退出した
1452,【躡足】附耳して注意を促す
1453,万牛【臠炙】し万甕酒を行う
1454,【播遷】の止むなきに至る
1455,太后の還暦を駕して【寿讌】を催す
1456,【刱業】の大事に尽瘁する
1457,亡国は【筐篋】を富まし府庫を充たす
1458,微歩して【羅襪】軽塵を生ず
1459,日、【下舂】を加うるも往来多し
1460,【繭紬】の洋傘を差す
1461,【靄迺】の声が夜の静寂を破る
1462,花の下で【村醪】を酌む
1463,牡蠣は【柔腴】にて滋養分多し
1464,【霈艾】の馬を好んで馴らした
1465,自ら【釣鼇】の客と号した
1466,双童【簟牀】を舁く
1467,聖に【謨訓】有り、明徴定保す
1468,我が意識は至って【明鬯】であった
1469,贅を凝らした【香匳】を拝領した
1470,天資、【彫鐫】の術に巧みであった
1471,【纛下】に諸侯が馳せ参じた
1472,堂内に【甃甎】を敷き並べる
1473,【歯齦】炎に悩まされる
1474,【金罍】から美酒を酌む
1475,【媒娉】を設けて長女を妻わす
1476,聡明特達、今古を【籠罩】す
1477,【日昃】の労を惜しまない
1478,【朏魄】の西海に沈むを見る
1479,儼然たる婚姻【娶嫁】の掟があった
1480,外圧に【俛伏】を余儀なくされた
1481,万事左大臣の【指麾】に随った
1482,【梳盥】の後に寝に就く
1483,遺族は徒歩で【輀車】に付き従う
1484,厳冬に【皴裂】の痛みは極まった
1485,英国【駐紮】日本公使を拝命した
1486,朕【眇身】を以て至尊を承く
1487,【銜恤】の思い満ちたり
1488,【羔雁】を持参して面会を乞う
1489,孔子を祭って【胙】を献ずる
1490,隧道掘鑿は領主の【刱意】による
1491,洛中に宏壮なる【廛肆】を構えた
1492,兜鉾【貂蟬】共々海の藻屑となった
1493,盛讌を設け【忱恂】を表す
1494,【腁胝】の労を憚らず老親を養う
1495,【餓殍】野に満ち飢人地に倒る
1496,【岡隴】の緩やかな起伏を辿る
1497,田圃の【悪莠】を芟除する
1498,【刱造】の大業に尽瘁した
1499,【蓖麻子油】を下剤に使用する
1500,大濤が【白鬣】を振るって押し寄せる
1501,【羸瘠】の身で諸国遊説に出立した
1502,【耨耜】の具を入念に手入れする
1503,先師の凜烈たる【遺偈】に接する
1504,【緡銭】を投げて寄越した
1505,【醴泉】を飲み竹の実を食う
1506,怪光を放つ【孛星】が天空を掠めた
1507,両者の間に【蟻垤】と山岳の差がある
1508,危梁蘚剝し【漬墨】虫穿す
1509,一村の老幼【抃踊】して捷利を祝う
1510,【柝撃】の音が夜道に響く
1511,双鬢に霜を置く【耋翁】であった
1512,今猶【残燹】のうちにある
1513,【瓊筵】を開いて花月を翫ぶ
1514,先程の【喧鬨】が嘘の如くである
1515,【龐眉】皓髪の老叟がその人らしかった
1516,韋駄天の【輓夫】に人力車を曳かせる
1517,兵三万を引いて官軍と【鏖戦】した
1518,家郷を離れて【戍役】に就く
1519,聊か【捫蝨】のきらいがある
1520,王和議の成らざるを窃かに【悁悒】す
1521,薄饌を供して以て【鄙忱】を表せんとす
1522,知情の悖反が生の【裂罅】を生む
1523,荊榛を抜き【蒙茸】を侵す
1524,【謨猷】を巡らし国家百年の大計とする
1525,【鼯鼠】さながらの身の軽さであった
1526,将軍自ら傷口を【浣滌】した
1527,谷中暗水響くこと【滝滝】たり
1528,【廩粟】を発きて以て衆貧に賦つ
1529,山野に自生する【菌蕈】の類を珍重した
1530,大地が【皺曲】して山岳を造る
1531,脳髄中に奇怪な想念が【蟠結】していた
1532,日ならずして匪賊は【勦殄】された
1533,書状の冒頭に【寒暄】を叙する
1534,【澹】として水の如き交わりである
1535,【畚土】の基其の高きを成さず
1536,転た相【因仍】し其の本を正す莫し
1537,【茜衫】年旧り蓬鬢霜新たなり
1538,【勖率】を忘るる無く以て人倫を厚くせよ
1539,【不辜】の人であることが死後判った
1540,【牆垣】を隔てず貧を恥ずることもない
1541,余輩の【蠡測】したる所を笑覧に供する
1542,帝都に向かう者日に輻湊し月に【薈萃】す
1543,恵沢を【瀛表】に流し仁風を区外に被らす
1544,洞宮儼として以て【嶷岌】たり
1545,誘われて【貝闕】絳宮の客となる
1546,文明開化を妨礙する【屛嶂】となった
1547,【胥吏】風情が口を出す事ではなかった
1548,【窖中】深く蔵するが如く噯にも出さぬ
1549,熊羆【拿攫】の様を活写し得ている
1550,女院の御幸には確たる【縦迹】があった
1551,【芸籤】一几をこよなき友とする
1552,【臠截】した遺骸が棄ててあった
1553,【戳】するに長鎗を以てす
1554,伏して読み跪きて歎じ五情【惶怛】す
1555,稗史の類を書き散らして【自鬻】する
1556,魚疾く走りて【梭影】縦横するが如し
1557,帝の【外舅】が政を擅にした
1558,大道の【堙晦】せるを悼み悲しむ
1559,酒宴【郢曲】酣となり大きに興に入る
1560,陰暗なる【陋巷】に悠悠自適する
1561,先生【莅職】廿年を祝し一文を呈する
1562,【玉笄】初めて紫皇の君に侍す
1563,万象秋気至り【碪杵】風に入りて清し
1564,劫盗の患いまた為に【弭息】す
1565,今は建国の縁由を【麤述】するに止める
1566,竜頭【鷁首】の舟で伶人が船楽を奏する
1567,【嘴喙】の甚だ大なる水禽を豢養せり
1568,我が【覃耜】を以て載を南畝に俶む
1569,【倚門】の望
1570,叢生する野卉【短矮】なり
1571,【羽觴】を飛ばす
1572,祖父の言を痛切に【感佩】した
1573,春祺廟より発して遐邇に【鬯浹】す
1574,空を仰いで【長嘯】漫歩している
1575,弁当に【田麩】を使い彩りを添える
1576,村閭に臻るを【壅遏】して之を大壑に注ぐ
1577,北に奔り軍師【摧衄】す
1578,【箴諫】の御諚を佩服する
1579,【阮籍】青眼
1580,【杞梓】連抱にして数尺の朽あるも良工は棄てず
1581,胥吏を使嗾して証拠を【湮滅】せしめる
1582,煢煢として【孑立】し、形影相弔す
1583,毫も志を【屈撓】することなし
1584,嫩し樹木を【撓屈】す
1585,四方を【祓禳】し、火災を振除す
1586,槽櫪の間に【駢死】す
1587,御稜威の下に皆【懾服】せざるなし
1588,親故次いで駕を廻らし、【妻孥】未だ関を出でず
1589,惨惨として【肺腑】を愁えしむ
1590,【刎死】を以て屍諫を進める
1591,君父を【弑逆】する
1592,【間歇】泉に注意する
1593,言葉に毒を塗り、心の無垢なる部分を【鏖殺】する
1594,狂飆波を掠ち茅店【隕潰】す
1595,孫の手で背中を【搔爬】する
1596,【恬然】として思うことなし
1597,神経組織が【壊疽】を起こす
1598,新たな【炸薬】を用いる
1599,満城の【飛絮】、軽塵に混ず
1600,携帯用の【引磬】を鳴らす
1601,用は済んだので【匆匆】と退却した
1602,討幕の【綸旨】を発した
1603,【檳榔樹】は瑪雷西亜原産
1604,【淅瀝】と降り頻った霖雨が霽れた
1605,【鞭辟】して裏に近づく
1606,昭和六十年は【乙丑】の年
1607,社会のありかたを【抒情】詩として認めた
1608,昭和六十一年は【丙寅】の年
1609,昭和六十二年は【丁卯】の年
1610,昭和七年は【壬申】の年
1611,昭和八年は【癸酉】の年
1612,一人淡淡と【薬研】を碾く
1613,昭和十八年は【癸未】の年
1614,昭和二十一年は【丙戌】の年
1615,【頷聯】と頸聯は対句の関係にある
1616,昭和五十七は【壬戌】の年
1617,都市の【頽廃】を描いた作品
1618,一月に及ぶ【侃諤】の議論を終え、漸く結論に至る
1619,【衡軛】の陣
1620,今後の研究に【俾益】するところが大きい
1621,【俯伏】して待して食を取る
1622,九重の天に【魂魄】は翕まる
1623,【勁風】牖戸を揺らす
1624,持病の【脱肛】に悩まされる
1625,饑えを療やすに【藷糜】を以てす
1626,喉がつまるので【含嗽】する
1627,【茉莉】独り立ちて、幽更に佳し
1628,【宿禰】の姓を与える
1629,恭しく礼拝して【香奠】を供えた
1630,朝に夕に【誦経】する
1631,思わず【匕箸】を失う
1632,【作務衣】姿のご住職
1633,山腹を掘り抜いた隣村への【隧道】がある
1634,山手線各の各駅名を【諳誦】する
1635,吾は舜を以て【疣贅】と為す
1636,天日のうつりて暗し【蝌蚪】の水
1637,【黄疸】病みには何でも黄色く見える
1638,【兌換】紙幣の金札
1639,【膏粱】の子弟
1640,白磁の如き【腓骨】
1641,玉兎、金烏を【掩蔽】する能わず
1642,甕の底に虫が【爬行】している
1643,【擡頭】してきた新勢力に左袒する
1644,息子は【蟯虫】検査と聞いて怖じける
1645,受検者を【熬煎】する難問である
1646,死後に弘宗禅師と【勅諡】される
1647,巡邏に鋭く【誰呵】される
1648,【奄冉】として暇を過ごす
1649,【痒痾】に悩み苛立つ
1650,禍根を【剔除】して末裔を沾わす
1651,反乱分子を【勦除】する
1652,余殃殫くして【襟腑】を保んずる
1653,捕虜を客人のごとく【渥眄】する
1654,行歌【野哭】両つながら悲しむに堪へたり
1655,相手の敵愾心を【煽熾】する
1656,臣下は【謇謇】として物申す
1657,猿猴、【礫石】を抛る
1658,目に【焉烏】を辨せず
1659,【圄空】の世
1660,蛍火の如く【庭燎】は幽かである
1661,長松【謖謖】として蒼烟を含む
1662,【奎運】盛んなる時代
1663,文章上達の【捷逕】を知る
1664,茶葉の入った【焙籠】を取り出す
1665,過ぐる【隙駟】は停め難し
1666,色溢れる【瑛瑶】を飾る瓊楼
1667,国境にて【峙立】する壁
1668,【已往】の諫められざるを悟る
1669,人倫に【很戻】する
1670,【腥穢】恬として蝨を頤う
1671,【怱遽】として起牀する
1672,刊記も【跋文】も無い古書
1673,無実の【罹辜】を憂い日日謹む
1674,饒かな【腴沃】を供給す
1675,玄関前で頑なに【扞禦】する
1676,聖人を【謗毀】する
1677,【拱木】春蘿漫たり
1678,花枝を【揀取】せんとして屢廻顧す
1679,【霓旌】南苑に下る
1680,暮雪の【攢巒】を雲上に瞰ろす
1681,【乞骸】の書を置く
1682,【賦斂】の鞭笞県庭赤し
1683,文字鬱律として【蛟蛇】走る
1684,身体は【痩瘁】し、精神は憊懣する
1685,【跪居】して謁を賜る
1686,先師の【牋翰】を折に触れて読み返す
1687,【罷駑】なりと雖も、また嘗て長者の遺風を側聞す
1688,【槿域】へ訪ねる
1689,【謳吟】下招して、巫陽を遣わす
1690,小鳥来り遊び、【秋蛩】また吟ず
1691,英彦の【逞筆】は遒し
1692,【鬱紆】として高岫に陟り、出没して平原を望む
1693,【蜀魄】啼き孤櫂、巴陵に宿る影は暗し
1694,遠観すべくして【褻翫】すべからず
1695,一声を以て【淆乱】を生む
1696,傷口を【洗滌】する
1697,雷鳴に人馬【駭愕】する
1698,有事の際には欠かせない【肱膂】の品
1699,独り江城に宿して【蠟炬】残く
1700,秋の【焜黄】景の色を飾る
1701,親しいと雖も【褻狎】せず
1702,頗る説く新年また【亢陽】ならんと
1703,自ら五体【鏖馘】した遺骸有り
1704,貧しい村には【鵝口瘡】が流行した
1705,【刪述】の難しき書史
1706,狡兎のごとく【逋逸】して蹤跡なし
1707,【厳飭】に務めを果たす
1708,家に遺産無くして、子孫【困匱】す
1709,行き来する人は【駱駅】として絶えず
1710,妄りに容喙して話の【腰膂】を断つ
1711,被問して寒戦し、形気【吶吃】す
1712,草を食し水を飲むに、【菽粟】を給す
1713,四本の【株楹】を構える学堂
1714,鰐魚【潜涵】して獺を睨む
1715,凡人には【咬嚼】し得ない詩文
1716,饗礼に旨酒無くば、【秕稗】の如く礼は無し
1717,大口悪質の【逋税】犯
1718,【隷圉】を召使とする
1719,見張りの【塹塁】を築く
1720,如今、年世移りて久しく、制法【弛紊】せり
1721,屋瓦乱れ飛ぶこと【箭鏃】の如し
1722,軒にかぶさる【梓楡】の葉
1723,その山貌はなはだ【奇峭】
1724,【渾敦】に突き入らず
1725,【掃帚】を用いて塵を掃ける
1726,蘭人の暴横無道なる【秕政】を摘挙す
1727,文学【鏃鏃】として能く新ならざること無し
1728,【弩箭】を武器とす
1729,【脂膩】の粉黛を施す
1730,衣、【県鶉】の如し
1731,晩冬の山、今に【菁葱】たるを見る
1732,雨降り【肥腴】富饒の地と成れり
1733,敵兵の【鎧仗】を剝ぐ
1734,重巌【畳嶂】、天を隠し日を蔽う
1735,【梅霖】の兎月、纔かに魄を盈たす
1736,浅学なれば【羝乳】を信ず
1737,まずは【駆騁】させて銓衡せよ
1738,夏草が【菁菁】と生い繁る
1739,小国に【西膠】建つ
1740,これを悉く【紬繹】して咎愆を求む
1741,じっくり【揆度】して結論を出す
1742,毎日に【旰昃】して窶れる
1743,家事は【晨炊】に始まる
1744,【蕭牆】に禍生じて人事を変ず
1745,今俎上の肉に由り、人の【膾截】に任せるのみ
1746,威儀【棣棣】として選ぶべからず
1747,豪華な【牀榻】に臥している
1748,煤けたような色の【襴裙】
1749,垢を刮り、【瘢疣】を捜す
1750,【歉歳】の村墟さらに荒悪
1751,山辺の湯は【疝癪】に良し
1752,讒謗の【霰弾】を浴びせる
1753,良質の【毫楮】を求める
1754,苛苛が募り【臀癰】を掻く
1755,象刑墨黥の属、【菲履】赭衣にして純せざる有るのみ
1756,志【伉直】にして雄鶏を冠す
1757,【渾天】に散布された星星
1758,組織の【贅瘤】を除く
1759,【游禽】静謐に佇む
1760,蜘蛛の糸【岩菲】の花をしぼりたる
1761,八竜の【蜿蜿】たるに駕し
1762,巌峭しくして、嶺【稠畳】す
1763,【晩霽】の富士を見る
1764,犬には【羹献】と曰う
1765,狡猾能く人を【欺騙】す
1766,【鶻影】低迷し、帆影は没す
1767,【蜷局】として顧みて行かず
1768,【冑臍】が異様に大きい兜
1769,または痛撃し、または【詆譏】す
1770,服虔も亦た後に【瞠乎】たり
1771,蘭桂の香と【菱藕】を供す
1772,骨董品の【估価】を見極める
1773,飲む毎にすなわち【嘔泄】す
1774,傷痕は【臉頰】の左右に見られる
1775,霪霖は倏ち【旭霽】す
1776,その庶人【農穡】に力む
1777,衰老に及び気力【羸憊】す
1778,上下を【感孚】し、その熱心を喚起する
1779,特りわけて【宸遊】に奉じ朝夕を楽します
1780,古今の説話を綴る【譚叢】本
1781,山坂の【嶮隘】に差し掛かる
1782,山に依りてすなわち【市廛】あり
1783,饑餓と溽暑で満身【痩羸】する
1784,今は漂淪憔悴して、江湖の間に【転徙】す
1785,和平なれば則ち【忿厲】粗暴の気、自然消除す
1786,澄澄として【葭葦】を映ず
1787,聖心頗る【虚佇】し、時議気は奪はれんと欲す
1788,民間伝承が【民譚】化する
1789,旧来の【榛穢】は醜なるを晒す
1790,【矮奴】一揆して悖逆せん
1791,恩愛は【蟬翅】に等し
1792,漸として嶮岨を【驀越】す
1793,怪奇に堕す云うと雖も、要は常の【憫黙】に勝えたり
1794,【花萼】相光き飾り、嚶鳴響を同じうするを悦ぶ
1795,黙拝【拈香】、いと重重しく
1796,浴し畢わり【犢鼻褌】を著ける
1797,息を吞んで【掣籤】する
1798,都絢爛なれば、邑【靡敝】す
1799,【撥弓】曲矢をもって中る能わず
1800,捏ち上げだと罵って【擠抑】を企む
1801,凱陣を迎う【鸞駕】を舁く
1802,戒律に【攣拘】せられる
1803,世を【欺罔】して世間を騒がす
1804,【蝟結】蟻聚にして、水草に依る有らしむ
1805,六十頭の【駒犢】を産ます
1806,書生の【技癢】論量を愛す
1807,駱駝の毛で美しい【呉絽】を作る
1808,笑う莫れ農家の【臘酒】渾れるを
1809,【棠棣】の華
1810,名区に到り、暫く【考槃】す
1811,花は【檄羽】に臨んで飛ぶ
1812,【癨乱】に似た症状を呈して吐瀉が続いた
1813,強弩の末【魯縞】に入る能わず
1814,歳時【伏臘】、使問絶えず
1815,【鼻洟】をすすり込む
1816,履に綦し【衿纓】し、以て父母舅姑の所へ適く
1817,被髪【侏離】の語を発し、以て鴃舌と呼ぶ
1818,【戎狄】の間で生活し、農耕に励む
1819,少年にして疾患無く、路岐に【溘死】す
1820,【臙膩】で潤した顔を洗滌する
1821,それ栄達して【鸞鷺】と成る
1822,鳥啼く啄啄と涙す【瀾瀾】と
1823,余猶其の【佻巧】なるを悪む
1824,貪狼秩序に【抑勒】されず
1825,羈を捌いて四辺【馳驟】す
1826,夢幻郷の【蝴蝶】
1827,子のこれを来くを知らば、【雑佩】をもってこれに贈らん
1828,五倍子蟎が寄生して【虫癭】だらけになる
1829,不埒に【遽叱】す
1830,【翡帷】翠帳、高堂を飾る
1831,武帝太初元年、名を大【鴻臚】と更める
1832,岩を【鑽鑿】して金を求める
1833,殺気を憑陵して以て相【翦屠】し
1834,万馬朝に【騰驤】す
1835,寂寞たり天宝の後、園廬にはただ【蒿藜】のみ
1836,国彊くして戦わざるは【蝨官】を生ず
1837,海上より風雨来り、【掀轟】飛電を雑う
1838,咄嗟の【狡詐】で活路を開いた
1839,前年【譴謫】に遭い、探歴して邂逅することを得たり
1840,五人の【夥伴】と筵席を愉しむ
1841,性、頗る【奢蕩】なり
1842,其の中【綽約】たる仙子多し
1843,誰もが国の象徴を【鑽仰】した
1844,心を傾けて【媚附】す
1845,無辜を【誅翦】する莫れ
1846,村は寒く白屋【嬌嬰】を念ず
1847,土地悉く【鹹鹵】し、敵裂して丘澗と成らん
1848,【屠沽】の家を離れず
1849,恒常として【覯閔】多し、我が憂心は去らず
1850,性【狷忿】にして、大体を存せず
1851,礼無く【讌坐】して叩頭する
1852,【帑廩】を豊かに蓄える
1853,文章詩賦の【点竄】を乞う
1854,恭しく【廉恪】な淑女
1855,ひとたび【錯愕】し、ひとたび慟哭す
1856,【蹤跡】は絶えて知れなかった
1857,流丸は【甌臾】に止まる
1858,【懦夫】の志を立つを見る
1859,【抉拾】、既に佽（かな）い弓矢既に調う
1860,【覲饗】するに時を以てし、爾の祖をこれ思え
1861,都会の喧噪に【忿邑】の意を廻らす
1862,後継者を定めて【猊座】を禅譲する
1863,欲求は【邃古】以来我々の中に潜む
1864,長矛を持して【撩戦】する
1865,博徒【攫客】の類、赦を幸として悪事を成す
1866,【皓首】の匹夫
1867,【竟夕】、ついに眠れず
1868,【邇来】行方不明との噂
1869,今や都は【蓁藪】と成り果てて
1870,【楡莢】あい催して数を知らず
1871,【覿武】を以て威を為す
1872,今臣は亡国の【賤俘】
1873,細草微風の岸、【危檣】独夜の舟
1874,心【鞏鞏】として夷らかならず
1875,蜀紙、【麝煤】に筆媚を添う
1876,夙に疾病に嬰り、常に【牀蓐】に在り
1877,高級な【繰糸】機械
1878,驚濤【洶涌】して、何れの処にか向う
1879,外の【嫌猜】を受くるなかれ
1880,【竽笙】を吹く
1881,【閔勉】に遯楽し夜が更ける
1882,【濺沫】飛鳥を驚かす
1883,蘿蔔を【炮煮】して食う
1884,【觚牘】を秉り、思慮を焦す
1885,名城を堕壊し、【鋒鏑】を銷かす
1886,【猖狂】妄行して、すなわち大方を蹈む
1887,自らを肆に【舒暢】する
1888,委細頓着なく【鎚鑿】を動かす
1889,【耳剽】を口衒し、色を詭り辞を淫にす
1890,宵に【瑶緘】附して拝誦する
1891,主君の【閨閤】の臣となる
1892,矍鑠豁如たり、未だ【衰耄】にあらず
1893,炉の中に【麩炭】を入れて火種とする
1894,【咄咄】たり俗中の愚
1895,顔を顰めて【慍見】する
1896,十年を経て漸く【豁悟】する
1897,始めに疎慢なれば、終わりに【顚蹶】あり
1898,衆人は無益な事だと【嗷嗷】と批難した
1899,臣に親狎すること【韋脂】の如し
1900,雁行する【舸艦】城を橦かん
1901,爾来【闔郡】の宗祀と仰がれし
1902,凶寇済らば伐ちて【黄墟】の塵とならん
1903,礼楽を矜まざれば【觥撻】に処す
1904,【情猴】、色好む
1905,良子は【蹶蹶】たり
1906,蔓延る【奸凶】を攘除せん
1907,馬に跨れば月は【娟娟】たり
1908,南北【正閏】を弁ぜず
1909,骨肉間の【婚媾】は宜しからず
1910,伍して行軍し、【旌麾】は空を蔽う
1911,【藷蔗】の畑を潤す
1912,心中【寞寞】たり
1913,嬶に【孱夫】
1914,乱言を雑え、【觴酌】行次を失す
1915,これを別つに些些たる【頗僻】有り
1916,使い古した字彙で【繙閲】する
1917,東京に出でて【黌宇】に通う
1918,苦難あれど【所怙】に依らず
1919,宜なり爾の子孫【蟄蟄】たり
1920,苑地賓客【猥多】なり
1921,高麗出来の【香盒】に香を焚べる
1922,陳謝に言無くして【寇讐】に恨み有りし事
1923,胸のうちに【憐愍】の情が沁み拡がる
1924,出火場所は【船艙】であった
1925,予は則ち汝を【孥戮】せん
1926,【螳怒】是れ逞しゅうし、鵝驕不遜なるが若きだに及ばず
1927,【芬馨】良夜に発し、風に随いて我堂に漂う
1928,傾険【獪猾】にして、利に趨りて国を売るの徒なり
1929,【捐軀】の覚悟で臨む
1930,自家の権柄を【棄擲】する
1931,余は詩文【笨拙】にして、その髣髴を状するに足らず
1932,【鄂鄂】たる議論
1933,殃い【閭閻】に逮ぶ
1934,【緡緡】として愚なるが若く昏の若し
1935,雲丹を【撈採】する
1936,内閣の輔弼が国務を【総攬】している
1937,公衆に向かって【曚昧】の吹聴をなす
1938,【秋柝】沈沈として戸は扃（とざ）さず
1939,公務に【齏粉】するを辞せず
1940,黄髪【垂髫】共に怡然として楽しむ
1941,壮なれば【楹書】示さん
1942,胸腹に【芥蔕】してこれを割裂せざらんや
1943,大奥の雑役に【閹人】を使う
1944,左衽【氈裘】塞を犯さず
1945,禅師を聘して【慶讃】する
1946,往年の【蒸溽】に困しむ
1947,【韶景】現れて下萌ゆ
1948,天下より【懸瀑】怒号せり
1949,【艨衝】十艘を破る
1950,これを放ち四方に【蟯動】す
1951,【軽煖】体に足らざるか
1952,民衆からは【豺虎】の如く恐れられる
1953,斯界の巨擘に【頡頏】する鳳雛である
1954,檀越と為るより【匹耦】を案じよ
1955,皓歯【黛鬟】の阿嬢
1956,懈怠の心は【作俑】と心得よ
1957,鼈、【鴻眇】の想い
1958,【斧劈】は山水画の画法の一つ
1959,【酣觴】して詩を賦す
1960,言葉を陳べ、【黥首】して謝す
1961,【嘔軋】たり暮江の上
1962,【蟠屈】たる大きな老松
1963,その辞の【鄙俚】を嫌わず
1964,巷塵を絶した【巒壑】に隠棲する
1965,煥然として【縟彩】大廈に有り
1966,鶴髪【髭鬚】を取ることを贖いとす
1967,焉んぞ測らん【塵囂】の外
1968,【壅蔽】を開きて人情に達せんと欲す
1969,猊下の【訶詰】から遁れられない
1970,民【夭厲】せざるは和の至りなり
1971,恤れんで【孥稚】を雍樹した
1972,普天の下、【寰海】の内
1973,【訶梨勒】とはインド原産の植物である
1974,未だ芬芳を厭わず、徒に【徙倚】す
1975,淇（き）の水は湯湯として、車の【帷裳】を漸（ひた）しぬ
1976,直ちに【駆黴】療法を施す
1977,すなわち草野にして【倨侮】と曰ん
1978,【愎戻】の情が頭を擡げる
1979,【繆篆】を用いられた旧弊
1980,病み来りて【鬚鬢】転た蒼浪たり
1981,震天動地の趨勢に皆【蠢蠢】とす
1982,防護盾で身を銃弾から【捍禦】する
1983,眼【凝眸】して、心沈沈たり
1984,【宿酲】の苦しい意識を辿って考える
1985,積善輒ち休慶生じ、積悪輒ち【冤尤】生ず
1986,怯え【撼膝】して退く
1987,【蟬鬢】鳳釵慵くして整えず
1988,過ぎ去る【旃車】は水の流るるに似たり
1989,信に中ることなく、以て【詛盟】を破る
1990,土地【平曠】にして、屋舎儼然たり
1991,玄き髪は朱き顔に照り、【睇眄】は光華有り
1992,旧臘【闕掖】皚皚たり
1993,倫理観の【根柢】に横たわる
1994,公車による【聘請】に謝する
1995,猥りに戈をとりて武を【干黷】す
1996,人民の【箝制】権を握っている
1997,誰が為に兇悪を【殲撲】せんか
1998,上下【乖繆】する者は、其の道相得ざればなり
1999,押捺した【印顆】を確認する
2000,軽賦薄斂、以て【民氓】を寛す
2001,藕糸孔中【蚊睫】の間にも這入る
2002,円かなる【滄瀛】、濤揺蕩たる
2003,【聚訟】するは幾何の人
2004,風【瀏瀏】として夙に興る
2005,【芒刺】背に在り
2006,天、【烝民】を生ず
2007,拙劣の詩、【詆訶】措く能わず
2008,昔我が同胞、今や永に【乖別】す
2009,黒曜石のような【瞳睛】
2010,不明瞭を【闡繹】して人心を収攬する
2011,楼櫓残れる【城址】に游ぶ
2012,その悪を陥れ、大司農を【詆劾】す
2013,故人の【瑜瑕】並び蔽わざる
2014,その徳の【睾睾】たるを知る
2015,諸侯【厥角】稽首す
2016,湖畔の【僑廬】に稿を起こす
2017,鷙鳥、【咤吶】するが如く翔ぶ
2018,陛下の【倡優】を以て遇する
2019,錦繡の衣を着て【瓊瑶】の帯をした仙女
2020,御心を知りたくば之を【睹物】せよ
2021,謝恩の旨を【箋檄】に記す
2022,【紫闥】を出でて東に望む
2023,【顴骨】の高い白鬚の老人
2024,東皋に登りて以て【舒嘯】す
2025,その巨擘は擢んでて【聳峙】する山の如く
2026,白馬は【嚼齧】す黄金の勒
2027,【基址】を堅くして功を目掛ける
2028,【谿壑】から吹き起こる涼風
2029,端な【詼諧】は不興を招く
2030,穢れを滌い去り心神を【澄瑩】すべし
2031,彼等【鈍瞎漢】は始めて自己の不明を恥ずるであろう
2032,早朝に境内の塵芥を【箒掃】す
2033,万柳、枝【娜娜】たり
2034,蛮声に犬馬【聳懼】する
2035,春に至りて【嬪儷】を求むる
2036,定命の随（まにま）に【薨奄】す
2037,【屠狗】を以て事を成す
2038,殊更に立談して密かに公子を【俾倪】する
2039,宛転【嵌空】たる隧道
2040,緻密たるは善であり、【瑣屑】たるは悪である
2041,碧毛【氈幄】河曲に遊ぶ
2042,寂寞たり天宝の後、【園廬】にはただ蒿藜のみ
2043,出典を【鼇頭】に注記する
2044,槐柳【蕭疏】にして郡城を遶る
2045,眉に皴皺を成して【咤叱】せり
2046,報道の【詭妄】に踊らされる
2047,【弄璋】の喜び
2048,筵に【瞑臥】して夢見る
2049,【醴漿】の気、人の鼻を逆う
2050,宝墨を払拭すれば【楚愴】生ず
2051,【颶母】は旅客の船を襲わんとす
2052,項羽の人と為り【慓悍】禍賊
2053,月初の萌芽に【懽懌】す
2054,普く【髦彦】は後人を啓迪す
2055,雷霆撃たば【摧折】し、万鈞圧さば糜滅する
2056,至尊その【縲囚】を釈く
2057,客来、七月は安舒と雖も八月は【飄疾】と成る
2058,我が鋒鋩、汝を【擒賊】せん
2059,身形は煤けた鶉衣で【芬芬】たる臭気を放つ
2060,悠悠たる【旆旌】の下に宇を御す
2061,霧中、先に【洲嶼】無し
2062,畸に【呵詬】せず、仁以て諒恕せよ
2063,春日【暄和】なり
2064,その木【攢柯】にして葉なし
2065,【榾柮】を集めて竈に容れる
2066,怒気ある者も【飄瓦】は咎めず
2067,【肆掠】すること毋く、獄訟を止めしむ
2068,神徳【魏魏】たり
2069,【棍徒】この理を擾乱す
2070,暁日に【宮槐】影西す
2071,山岳越えて【凹嶮】現る
2072,国は諒暗に在り、兵甲を動かさず、是に【偃息】を以て未だ捷さず
2073,片言も【拱璧】より崇く、一徳も華袞を踰ゆ
2074,我国を尽く【遐瞰】す
2075,【殀寿】弐はず、身を修めて以てこれを俟つ
2076,【氛埃】を絶ちて淑郵し、終に其の故都に反らず
2077,惑を縦にして疚しとせず、【肆侈】して違けず
2078,浅薄にして見られやすく【漏泄】して蔵する無し
2079,自ら【鼴腸】の盈たし易きを愧ず
2080,それ高僧と【偕行】して知るべし
2081,【鶻淪】として社稷在り
2082,【魍魅】の類いは屢出没す
2083,房中に切歯【鼻鼾】囂囂として在る
2084,その穏やかなるは【圭璋】の如し
2085,草茅を【誅鋤】して、以て力耕せんか
2086,親昵して【友于】の如くに遇せらる
2087,涅歯を嫌うの人その【瓠犀】を愛する
2088,枕元に【香篝】を置く
2089,一甲より【臠婿】を為す
2090,薔薇の【摘蕾】をする
2091,冬温【夏凊】、昏定晨省
2092,右目【篩骨】を骨折し全治三ヶ月となった
2093,坐食すること【繫匏】の如し
2094,人に夭悪無く、物に【疵厲】無し
2095,颱風を以て河川【衍溢】す
2096,誄を上りて【霊輀】の輓くを見る
2097,【棺槨】を以て壙穴に留む
2098,困餒の衆が漸く【飽飫】を得た
2099,故道【堙滅】し瘡痍存す
2100,日【奄藹】として西に邁く
2101,天然に胚胎し、物理を格知し、人道を【訓誨】し
2102,周室を【夾輔】せよ
2103,君と【娉命】畢わんぬ
2104,両間の【茆廬】、亦た言に帰る
2105,【齔童】にして介然として特立す
2106,舞子も来り、【絃妓】も来り
2107,国勢の孤立して【岌岌】たるをも顧みず
2108,【嵎夷】より出ずる太陽
2109,四顧して【層巓】より俯すれば、淡然として川谷開く
2110,視ること【矍矍】たり
2111,夜寒の候、爽籟を聴き【生魄】を見る
2112,その臣を【鈞枢】とは言い難し
2113,梵学に通じ、【繙訳】すること精審、能く及ぶ者なし
2114,放勲すなわち【徂落】せり
2115,この時少壮みづから【負恃】し、意気は日と光輝を争ふ
2116,衆遂に大いに敗れ、殺傷せらるるもの【衢巷】に満つ
2117,帝の性、【宋襄】の仁に近きものあり
2118,【雕悍】の将
2119,永く不朽に伝えて子孫の【炳誡】にそなう
2120,草木【槁悴】の時にして揺落す
2121,雨中の禁苑を【眺矚】して制に応ず
2122,三たびこれを已むるも、【慍色】無し
2123,汝の寒くして【凜慄】たるを救わん
2124,【繚垣】堅牢として万丈なり
2125,一生作すに【慵懶】なり
2126,【兵戈】阻絶して江辺に老ゆ
2127,雨に打たれて【尖峭】の岩石となる
2128,俗世【誑誕】多し
2129,漸く脱獄犯を【拿獲】した
2130,花は隠として【掖垣】暮る
2131,【搴裳】して帯を引き締める
2132,方針を鑑みることなく独り【擅断】する
2133,静謐で【敞豁】した大聖堂
2134,正子、【衾褥】を敷く
2135,地勢の【嶮岨】たるを利して応戦する
2136,【誥誓】は五帝に及ばず、盟詛は三王に及ばず
2137,扶桑の【暘烏】出づること暉暉たり
2138,千村万落【荊杞】を生ず
2139,【鉄枴】の耆耋
2140,【鮫鰐】の淵に踏み入る
2141,【茵蓐】を賜い、礼を以て発遺す
2142,衆木は日に【凋槁】す
2143,苜蓿【榴華】近郊に遍し
2144,世間に【誚譲】され、常に嘲罵囲繞す
2145,不撓【傲兀】の性質である
2146,【孤櫂】いずこの岸にか檥（ぎ）する
2147,【亀鈕】の金印
2148,一家の【餞筵】を饗けたり
2149,【甘汞】は塩化水銀の通称
2150,楽人、朝に【誦諫】せしめる
2151,空しく聴く余瀾の鳴ること【湃湃】たるを
2152,【矮陋】の者、機慧を知る由なし
2153,世俗に拘らず、心【滔蕩】たる
2154,足袋の【鈕鉤】をかける
2155,一家の【餬口】に窮する
2156,総攬即ち【瀛寰】を燮す
2157,秋の【茱萸】を見る
2158,これを祀るの歲、風災【熄滅】す
2159,駅を通過する【車輛】
2160,近くの【鈑金】塗装店に訪れる
2161,蓮心は清苦にして【藕芽】は甜し
2162,【麾鉞】一たび臨めば、凶党氷の如く溶く
2163,蛮族侵入して【疆陲】を擾す
2164,【繽繽】として来客多し
2165,身内の不幸に【噓唏】する
2166,方今世俗【奢僭】極まり罔し
2167,祝酒に染まった【赭顔】が綻ぶ
2168,水の入った【喞筒】で消火する
2169,単家の酒筵は、すなわち【觥籌】獄なり
2170,いずくんぞ【噪噪】たる閑言語を用ゐんや
2171,名を馳せた建築家の【胄裔】に遇う
2172,鯨、【鯢鮒】を呑む
2173,煩悩を脱し、【啓龕】して香一炷
2174,窮措大を迎えて【僮僕】とする
2175,牢には【轅下】の駒ども
2176,閨閤にて【保姆】我が子に誨う
2177,僕が【籃輿】を舁く
2178,民物流遷し、【茹菽】足らず
2179,烽火【岡巒】に被る
2180,自筆の本を【装幀】する
2181,開闢以来の【凶饉】に見舞われた
2182,【肥胖】の客子が厨を忙しくする
2183,風の音鏗鏗として金の光【忻忻】たり
2184,【悃款】として君主に尽くした
2185,霊れし鼓の【硼隠】たるを伐ち
2186,夏は【籐枕】に寐る
2187,医療費が【扣除】される
2188,【手挌】を以て闘技する
2189,車馬の声が【轆轆】として聞こえる
2190,清貧を愉しみ【穿敝】を纏う
2191,【蘚駁】を経行する処、猿啼き燕らかに林に坐す
2192,宮闕【旒綴】深し
2193,世は【晏寧】にして戈要らず
2194,公、独り【廷諍】して丹陛を守る
2195,王政を賛襄し、王朝の【儔匹】となる
2196,怱忙極まり【碌碌】寐る暇もない
2197,白商に至り、海上は【茫昧】たり
2198,羊腸の【宛延】たるを瞻たり
2199,【苔蘚】生じて石戸を繞る
2200,皇女の帳前に【斂袵】す
2201,孟嘗君之が為に【於悒】す
2202,黍稷【疇隴】に委てらる
2203,権力を擅にして民を【轢蹙】す
2204,仁義を以て身を潤し、【牙籤】を以て屋を潤す。
2205,瘴気に入らずんば【苛殃】なし
2206,雲上の【磊嵬】たる楼閣
2207,慢罵を好み、朝臣を【毀詆】す
2208,貴人の【饋饌】を執る
2209,【脛脛】たる者も、惴惴たる者も、同じ人なり
2210,霄壌四顧【曠茫】たり
2211,朝暉【晃蕩】たる湖上に沐する
2212,江湖に【滞淹】して顕現する能わず
2213,屋代に【湮厄】彙まる
2214,気が触れて【面疔】を掻く
2215,大洋は【渺瀰】たり
2216,身体【隗俄】して忽ち寝入る
2217,【饑溺】を憂いて糴を乞う
2218,浩浩【瀚瀚】たるを揆度する能わず
2219,仁徳の【炯鑑】となる
2220,機任を【虔恪】し、死を守りて道を善くす
2221,城上の【烽燧】と相望む
2222,小人敢えて我を【掣曳】するにあたらない
2223,君蹈海の客と為る、客路誰か【諳悉】せん
2224,十余年来、竟に末だその【藩籬】を窺う能わず
2225,【杏臉】桃腮の美女
2226,憂眠して【剣匣】を枕とす
2227,汚濁した湖に【杙屋】が見られる
2228,地は【肥饒】なり、都して以て覇たるべし
2229,祝融に遭わば【脯資】燼滅せり
2230,【蛙蚓】の争い
2231,【哽咽】して語る能わず
2232,【嗜慾】を退け、心気を定む
2233,老松に【隴客】来集す
2234,堤の柳木に【纜舸】す
2235,本国は決して【富饒】の地ならず
2236,麋鹿を獲りて【圃囿】に畜う
2237,戦射を教え【堡砦】と為すべし
2238,我が堂堂たる鬚眉も、誠に彼の【裙釵】に若かず
2239,讐敵相見え、【儼然】として相睚眥す
2240,雨降り地に【奐衍】す
2241,燦燦たる陽光、宙は【迥遼】
2242,誄歌を奏して【撤饌】了わる
2243,【浦嶼】、漁人の火
2244,米空しくして【芋粥】を烹る
2245,【孺子】の井に入らんとするを見ては惻隠の心あり
2246,【栖鶻】の危巣に攀づ
2247,【玉趾】を穢すこと勿れ
2248,【幽闃】のあなた、遼遠のかしこ
2249,銃を携えて【游弋】する
2250,【献饌】の神事を行う
2251,廊下にぐるぐる【彽徊】する
2252,咽喉【脣吻】を併却して、什麼生か道わん
2253,【違忤】なるを以て罪に抵たる
2254,空汁に【芋梗】を入る
2255,兄弟は冤家に似、心中常に【悒怏】たり
2256,【拇趾】の爪が韈を裂く
2257,【鐘磬】を鼓する音を聞く
2258,皓歯【粲爛】として、宜笑絶やさず
2259,之れ実に哲人の深慨【幽慷】する処のものなり
2260,この者の【菁莪】能く楽しむなり
2261,荷台ごと【扛挙】する
2262,鞋を脱ぎ足を収めて【跏趺】して座す
2263,春来耕田、【沙磧】にあまねし
2264,蠹害は【肘腋】より起こる
2265,【敲朴】を執りもって天下を鞭笞す
2266,【凌兢】たる羸馬鞍に勝へず
2267,【横痃】で腰のふんばりが利かない
2268,【曼頰】皓歯、形夸しく骨佳く
2269,包蔵禍心を【縄枉】せらるること少なからず
2270,【俘馘】を並べて勝利を誇る
2271,明目【腆顔】、曽ち愧畏すること無し
2272,枳棘を殖えて、【椒桂】を翦る
2273,【楮券】を発兌する
2274,竹下に至りて【諷嘯】することやや久し
2275,天授の子を【疼愛】する
2276,門に【糅雑】無く、坐に号呶を闕く
2277,【肝脾】為に爛腐す
2278,店頭の【沽酒】を召使に遣り犒った
2279,軍人皆【褌袴】無し
2280,浹旬の【涸旱】に苦しめられた
2281,神に【幸冀】する
2282,【渙爛】として其れ目に溢る
2283,【跖】の犬尭に吠ゆ
2284,中に異香【芬馥】たる有り、泉石明朗なり
2285,【灯炷】をかきたてる
2286,倫道に【乖歪】する不逞の輩
2287,君の家督薨じて亜子に【賜諡】す
2288,高句麗も【突厥】も強兵の国である
2289,律を乱す闖入者共に【忿懣】遣る方無い
2290,神仏の霊威に【憑恃】して自らを慰藉する
2291,雍容【揄揚】して後嗣に著す
2292,激甚の颶風、濁水【浚急】を為す
2293,枸木は必ず将に隠括【烝矯】を待たんとす
2294,【郊燎】の礼を修む
2295,犬猿の仲は今や【瑩磨】す仲
2296,先生の【瑰瓊】の詩は倏忽として人口に膾炙した
2297,緑陰の裏に【瓜瓠】の菜薗在り
2298,滄海遥かに望み、【睛眸】を凝らして呻吟す
2299,矜寡を侮らず、【彊禦】を畏れず
2300,蔚蔚として満目の【蕪穢】在り
2301,四郊いまだ【寧靖】ならず
2302,漁船は割拠し、燬然として【篝火】有り
2303,帝より【珥筆】の位を稟ける
2304,古人の【糟粕】を嘗める
2305,簪を抽き【綸綬】を解く
2306,葉の落ちること何ぞ【翩翩】たる
2307,臥牀する声を聞きて我が【聊啾】止まず
2308,諸呂を誅し、新たに京師に【喋血】す
2309,【鶴脛】長しと雖もこれを断たばすなわち悲しむ
2310,酒色の【腥聞】上に在り
2311,羔の角、我が【腿肚】に牴る
2312,百隻の【艟艨】、舷舷相摩す
2313,庭園は雑草雑木四時【芳芬】を吐く
2314,夏の【紅萼】を餞別とする
2315,雑餉を新製の【葦笥】に容れる
2316,簡んで【葷羶】を喫する
2317,桃の夭夭たる、その葉【蓁蓁】たり
2318,夷歌幾処か【漁樵】より起こる
2319,船には【不虞】の備え有り
2320,過去を清算し、【斂迹】して懋む
2321,排水溝の【匯集】に巻き込まれた髪の毛
2322,朽索の六馬を【馭】するが如し
2323,詩画は【不乙】にして両様なり
2324,野人は【喑啞】して欺謾に遭ふ
2325,【人迹】稀に、雉兎芻蕘の往きかふ道
2326,少時は共【嗤誚】するも、晩歳多くは因循す
2327,食麺麭に海老【糝薯】を挟む
2328,手足【腁攣】す其の親
2329,銭を論じて【啾喞】すること勿れ
2330,【嫩草】、趺坐を承く
2331,父は優しく【温藉】な性格である
2332,苛政の【孼根】を断つ
2333,【虔祗】の念深く請禱す
2334,土産の品を【罩袱】に包む
2335,桑椹【甜脆】にして我を喜ばす
2336,諸国の現況は【寧謐】たり
2337,【廖廓】として底に無限の淋しみを蔵する中世の調子
2338,諸侯を【恐愒】し、以て地を割かんことを求む
2339,【愿愨】と勤しむ
2340,【霈然】として驟雨が来る
2341,【這箇】の消息を瞥見し得たる
2342,下戸一人酒に逃げたる【火燵】哉
2343,君臣万年、永く【祚胤】を錫（たま）う
2344,一丈余りの【鍮石】の花瓶を鋳掛ける
2345,善人【燻胥】に遭う
2346,目覚めて【朏明】を見ゆ
2347,推敲を重ねて【杼機】する
2348,拾遺六冊に著して、来戴【梨棗】に上せんとす
2349,人間を苦しめる【貪瞋痴】の三毒
2350,惨禍の【焚燼】の香、四陲に遍し
2351,涼風や【檐鈴】撫でてゆくえなし
2352,憖な【浣洒】で泥も取れない
2353,蝗虫を除き【禾莠】を芟る
2354,柳岸の【鶯梭】、巧みに藍を織る
2355,宰相を見ゆるに【靴笏】を具せず
2356,高林に【霎霎】として雨声簇がる
2357,夥しい降水量で河川が【積潦】する
2358,老いてもなお【椿萱】並び茂る
2359,円形脱毛症の原因の一つとして【禿瘡】がある
2360,必死の【丐命】で首の皮一枚繫がった
2361,躬ら【羈窶】して都邑を厭う
2362,源覚寺の【菎蒻】閻魔像
2363,驟雨に【霑濡】する陋屋
2364,東征健児尽く、【羌笛】暮吹哀し
2365,江鷗は稍しく馴れ集まり、【蜑叟】はすでに還往す
2366,白日すでに【傾仄】す
2367,酒後に【哺啜】し、箸を折るも休めず
2368,虎目にして【豕喙】
2369,冬は【羔裘】し、夏は葛裘するも
2370,これを封緘するに【膠粘】す
2371,忽ち【梏桎】せられて楚囚とならん
2372,この【秉鈞】の諍いは貿貿として息まず
2373,間歇泉が烈しく【迸出】する
2374,【姸蚩】黒白本態を失ふ
2375,征矢の飛び交う旌旗【巻舒】の世
2376,【宦情】は元詩情に似ず
2377,心の奥底から本音を【迸発】する
2378,【痃癖】で腕が上がらない
2379,主に【霖潦】に因る災害であった
2380,嘲笑を被り【羞赧】の念に堪えない
2381,必ず猊下に謁して【謝忱】を述ぶべし
2382,囹圄に【憾恚】する
2383,ただ仰臥して【愒日】する
2384,みな王に【赴愬】せんと欲す
2385,鼓吹【戛撃】、声縹緲の間に在るが若し
2386,虎を檻中に【羈紲】す
2387,今昔【餒斃】目前に在り
2388,笠沢の老亀蒙、【蛹臥】して糸自ら裹む
2389,諸侯に【淵謨】を献ず
2390,西域の朝貢を【遏絶】す
2391,【投杼】の疑い
2392,藩史を忠実に【纂輯】した史書
2393,【戸牖】を鑿ちて以て室となす
2394,先生八十、【蔗境】、美なること飴の如し
2395,釈迦【牟尼】真身の舎利
2396,互いに反駁すること【聾喑】の如く
2397,百年【淬厲】して電光開く
2398,【舂牘】を打ち鳴らす
2399,乱れた詩を【訂譌】する
2400,六朝時代傑作の【駢文】
2401,土匪誅せずんば余孼【肇釁】の緒とならん
2402,【遺佚】せられて怨みず、阨窮して憫へず
2403,気も鬱ぐ【氛霾】の空
2404,点心として【鼈羹】を出した
2405,代北の寒齏、【韮萍】を擣き奇苞零落して晨星に似たり
2406,この自然は【覆載】の恵みである
2407,史乗を逐字に繙訳して【鐫喩】する
2408,鐓に【黍稷】を盛る
2409,骨董品の【瓶嘴】に罅がある
2410,ただ坐して【圜宰】へ憂える
2411,【垠崖】は劃として崩豁たり
2412,荊棘を剪り、【葺牆】を作す
2413,【奠菜】して敬虔に黙禱する
2414,贅沢な居宅を構え、【婢妾】を蓄えている
2415,杖をつく【癈兵】を慰藉する
2416,書架からその【縹帙】を選る
2417,悠悠然と鑿を研ぐ【垢穢】の衣を着た爺
2418,富と権力を【矜縦】する
2419,兄弟【靠幇】して貧困を凌ぐ
2420,徒に志を【弭忘】すべからず
2421,利に溺れて五倫【悖乱】す
2422,雄武は【犖犖】たり不羈の士
2423,嫁は【侈靡】を貴ぶ
2424,草芥も惜しんで【芟薙】する能わず
2425,舎生取義の心を以て【佞姦】の吏を黜く
2426,浅学菲才【挈瓶】の智
2427,活潑敢為の気象、千度の【蹇躓】に悩まず
2428,二人の賓客互いを【譏揣】す
2429,狐有り【綏綏】として、彼の淇の梁に在り
2430,三足の【鉄鐺】で米の粥を炊く
2431,皆才猜を用て駆使し、【砌塡】に専らならず
2432,朝廷を【匡翊】し、崇く功名を立つるに暇あらんや
2433,喝食は【斎粥】の時に致す
2434,京師に旅食し、以て【斗斛】の禄を求めたり
2435,人馬どもは【銜枚】して進む
2436,【曄曄】として蒼穹に燃え盛る聖火
2437,往来【翕忽】、游ぶ者と相楽しむに似たり
2438,【枕簟】清涼なり八月の天
2439,法を飾えて師を脩むれば、則ち威徳【翕赫】たり
2440,傲慢【矜驕】たる悪漢
2441,【沛乎】として蒼冥に塞がる
2442,寵姫【鸞軫】に召す
2443,水質調査で川を【沿泝】する
2444,いまだ【浹辰】を踰えざる
2445,官軍を【覘伺】する
2446,愛馬の【貝勒】を取る
2447,虎の【驍悍】勁厲なる質を修むる
2448,上国を【蝎蠹】するを目論む
2449,閨閤の【煢釐】を恤れむ
2450,駿馬は石磧に放たれ、【蹇驢】はよく堂に至る
2451,【臚句】の職に就く
2452,日本の【俚諺】を英語に訳す
2453,子曰く、【麻冕】は礼なり、今や純にす、倹なり
2454,毎朝に【讃仏偈】を誦経する
2455,文を綴る【蹇跛】の者
2456,他の科学者の説を【剿襲】した疑惑がある
2457,女人の身には、猶【五礙】有り
2458,幼気な【嬌娘】の含羞
2459,生涯【譴咎】無し
2460,【貧窶】には倉卒たること有り
2461,幅巾【緇褐】、楞迦を誦す
2462,【椽桷】皆化して龍鳳と為り
2463,姦佞【鞅罔】の輩
2464,終身両りながら【酸嘶】す
2465,我が子の大成を【祈嚮】する
2466,波のように起伏している【阜垤】
2467,大木に【蹙縄】を吊るす
2468,子を視ること猶【蚤蝨】のごとく
2469,虫蝗稼穡を枯瘁し、【弥亙】すること千里
2470,緑林白波を坊門にて【邀斫】せん
2471,悪慝を【闇斫】して君側を清む
2472,主君の零落【恫痛】の至り
2473,皇霊を奉じ、【逼窄】する所に処らしむ
2474,その【駅站】の事を主司して是を治む
2475,【翳薈】有り、必ず謹みてこれを覆索す
2476,客、【驪駒】を歌う
2477,天の余瀝まさに悉く【淹漬】す
2478,主従隔たり【讐釁】生ず
2479,彼の恪勤に【摯忱】なるを思う
2480,予を賢人の間に【俎豆】せんと欲す
2481,【陶猗】の富を以て与した
2482,【白朮】を採る
2483,善く【翹袖】折腰の舞を為す
2484,篝火擲ち【薜幄】燃ゆ
2485,客の来たるを聴いて【紅妝】を整う
2486,【讒佞】の徒は、国の蠡賊なり
2487,流猋は【櫺檻】に激す
2488,【竦企】して鳥のごとくうずくまる
2489,それ【圉絆】の身と雖も餓虎の如し
2490,斯くの如く【翹彦】なる者なり
2491,【俛仰】して身世を悲しむ
2492,【図讖】を以て光武に説く
2493,【邨巷】歓欣して迎う
2494,長江の【河滸】に築く
2495,俊乂至りて多く、【耆碩】咸く有り
2496,【縉笏】して朝は曰わく
2497,淑女は能く【綰髪】す
2498,【綏馭】の才なし
2499,腐儒、百年【麤糲】を食らう
2500,【觜爪】弊れんと欲すと雖も、心力疲れを知らず
2501,常に商販を通じ、糧食を【貿糴】す
2502,【皴皺】は老耆に縦横す
2503,懈怠が【髀胝】を生ず
2504,【鳧舫】に乗りて歌う
2505,密勿として【雛雉】を鞠育す
2506,賢兄小姑哭して【嗚嗚】たり
2507,一家【内郤】して紛乱斯界に及ぶ
2508,将相【緝穆】し、未だ一朝に定むベからざるなり
2509,烏合の衆を【綰轂】する鶴の一声
2510,旧勲をたてた【耄耋】と雖も陋見を垂れる
2511,鳥の【嚶嚶】たる、伐木の丁丁たる
2512,趯趯（てきてき）たる【阜螽】
2513,巨觥の如き【恬豁】の懐
2514,禅師から【鉢盂】を貰う
2515,詩文の【郢斧】を請う
2516,穆穆たる文王、ああ【緝熙】して敬止す
2517,今年は【孛彗】が見れるらしい
2518,蛇蠍の【噬螫】を危惧して退く懦夫
2519,王莽の世に当りて川瀆【枯竭】す
2520,【韋篋】錦囊、綵毫鮮やかなり
2521,田圃に【耋艾】相和す
2522,帝は会する者全てに【飴漿】を献ず
2523,好んで人を【詆訐】しては追い詰める
2524,喧しく【髦髫】撃壌す
2525,渡らんと【艘楫】を両手に握る
2526,【太簇】は十二律の一つ
2527,【蒼旻】も高からず、海も深からず
2528,【月暈】、天風ふきて霧開かず
2529,【蹲鴟】を羊と為す
2530,巻耳を采り采るも、【頃筐】に盈たず
2531,先ずは盥沐して【櫛梳】する
2532,【鋤犂】を以て草刈る
2533,伝聞する所に全くの【訛舛】無し
2534,芻秣以て【豢圉】を蓄う
2535,【黄檗】を黄色染料に利用する
2536,家郷すでに【盪尽】し、遠近理また斉し
2537,愈愈【笄冠】の礼をあげる
2538,畟畟（しょくしょく）たる【良耜】、ここ南畝より俶む
2539,悪人を【糾黜】して国を夷らかにする
2540,その破竹の勢いを【沮遏】せん
2541,【涎蝣】塩に怯える
2542,空に【鳶唳】響けば則ち晴れる
2543,【水獺】はかわうそのこと
2544,王座の左に【閹尹】侍る
2545,【澆訛】の浮世を儚む
2546,【閑澹】に得有り、貪懢に禍有り
2547,桑楡に至れば杜は【黝黝】として在る
2548,槁木を前に【灑泣】する
2549,一半の魚蝦、【鵜獺】に属す
2550,弥年【艱窶】、孺弱餓死するに至る
2551,【蓼穂】咲く秋の山
2552,戦時の【刱傷】を誇る
2553,その徳を崇び【頌歎】の声が挙がる
2554,飲食を禁じ甚だ【艱屯】す
2555,徹夜明けで思わず【呵欠】する
2556,妬婦は冷然として【鼻哂】した
2557,【碩鼠】、我が麦を食らうことなかれ
2558,幹部らが【啜汁】する
2559,【喟焉】として耒を釈てて歎ず
2560,蠱惑的な【倩眄】に魅せられる
2561,【酣豢】のひと時を暮らす
2562,【耿耿】として寐ねられず
2563,空いた腹に【艾餠】を放る
2564,角灯を提げて【黯湛】を探る
2565,頭髪上指し、【目眥】尽く裂く
2566,子の口が【酥酪】で香うを嗅ぎ付けて
2567,口は開かずただ【頷頤】するのみ
2568,天稟は適所にて【耿燿】する
2569,金銅【花鬘】の輝き
2570,流れ悪しうして【蓬艾】壮んなり
2571,国家安康、国勢【黯澹】にあらず
2572,牧児【蕘竪】、其の下に薪刈りするに至る
2573,賤民にして【乞丐】の徒である
2574,兄弟【亀筴】の術に長ず
2575,【蟾酥】は漢方の強心剤の一つ
2576,艱難凌げず思考【龐錯】たり
2577,戈を執って昼夜【徼循】する
2578,【耆艾】の言を与る
2579,【松蕈】は雌松より生ず
2580,東海道の【乞食】行脚に徹する
2581,中心【悁悁】たり
2582,【惶悚】に任へず
2583,徐に現る【芝艾】の社会格差
2584,香菇や【香蕈】とは中国でシイタケのこと
2585,【俄頃】風は定まりて雲は墨色
2586,羸兵に【追躡】する要無し
2587,情を【搤殺】して知を主とす
2588,朝廷綱紀【頽弛】す
2589,千秋万歳の声、【聒耳】して一日の寿も人に徴なし
2590,【鍼艾】を以て身を癒す
2591,【蠡実】はネジアヤメの漢名
2592,煙雲【杳靄】の間に出入す
2593,少くして書を喜ばず、【箚青】を嗜好す
2594,隣家より【軋伊】の響きが聞こえる
2595,【榜笞】もて租賦を督す
2596,【賈衒】の多い市廛
2597,親の【欠債】を返済する
2598,泥で【簪裾】を黷す
2599,国難に【狷隘】の性で為政するべからず
2600,これを芟夷し【薀崇】す
2601,奸計を企む【倅弐】
2602,水【湍悍】にして、以て平地を行く難く
2603,好物の【醂柿】を齧る
2604,【潸焉】として涙出だす
2605,叛乱の【鬨声】を上げる
2606,【颯灑】として花落つ
2607,尽く【蠹蝕】した古書
2608,先例に鑑みるに今【匯兌】する時ではない
2609,衣服を悪しくして美を【黻冕】に致す
2610,『二十二史【箚記】』
2611,大壜に【醢醯】満つ
2612,【縻鎖】の跡、なお今存す
2613,【黼座】に御座すは幼子
2614,順風満帆の業績に思わぬ【咎殃】が生じる
2615,林木【薈蔚】として、煙雲掩映す
2616,不合格で【啜泣】し崩れる
2617,古びた戸牖は【鴉軋】して煩い
2618,【鬱鬯】は百艸の華
2619,生命の流れは【曠劫】より来る
2620,かの華胄の【妹倩】は懦弱と聞く
2621,諸仏もこの【追賁】を随喜し給う
2622,見え透いた【妝幺】を以て才を衒う
2623,我が壺に【醪醴】無し
2624,我が名声は世に【洽浹】す
2625,【縹醪】を觚に酌む
2626,不当に【鬻売】することを赦さず
2627,【卦筮】を以て世を寧らかにす
2628,先王の子、民に【聿懐】す
2629,民は【芻豢】を食らう
2630,従者【怛然】として色を失う
2631,遊蕩【狠恣】の臣
2632,溘亡を聞いて【軫悼】に勝えず
2633,長じて馳馬撃剣の技を喜び、【肄習】して怠らず
2634,卒然として【軼材】の獣に遇う
2635,詩歌、【篋笥】に盈つ
2636,初詣に【揄袂】する
2637,濁穢は【阨巷】より出づ
2638,夜光の【荊璞】を剖くに似る
2639,祖母の宅にて【賽饌】を御す
2640,三度の【賺騙】、由無し事
2641,【釁孼】憂う枕戈待旦の兵
2642,【暈繝】の錦の茵を重ねて着座した
2643,阨巷に【飄泛】とする
2644,【﨟纈】の屏風
2645,公室は豊碑になぞらえ、三家は【桓楹】になぞらう
2646,碌に仕事もせずに【喋囁】する輩
2647,【瞿麦】は秋の七草の一つ
2648,【籒篆】の書体を学ぶ
2649,連累の【疵釁】を憂う
2650,人外毒手に困頓【窮阨】す
2651,一世は【飆塵】の若し
2652,風俗【苟偸】にして、辺備廃弛す
2653,泰壇い於いて【燔柴】して天を祭るなり
2654,【薜蔓】は壁を遮るに任せ、蓮茎は臥して盆に枕す
2655,公の声音を聞かば、【熙怡】悦懌す
2656,鴛鴦の衾に【愆釁】を生ず
2657,児輩、僕に【繞膝】して相悦ぶ
2658,地球の【坤垠】を徒で移動する
2659,仏前で【偈頌】を唱える
2660,【贄敬】束脩を納めて門に訪れる
2661,【涌湍】たる瀑泉は行雲を揺るがす
2662,【誄讃】を作り、以て懿徳を昭らかにす
2663,一時の功を【偸取】してその後を顧みず
2664,嗣子として【贅婿】する事を許可される
2665,それ日月星辰は、民の【瞻仰】する所なり
2666,潦水を【坡塘】に灌ぐ
2667,雌雄【繽繙】として日へ発つ
2668,中医学では鼻出血を【鼻衄】と呼ぶ
2669,【薺米】とは菱擬の漢名である
2670,自ら【衒鬻】し、人に斟酌を頼む
2671,生前に【偸盗】を重ねて地獄に堕つ
2672,太古の【瓷器】を発見する
2673,先生の諸作を【繙覈】して参考にする
2674,威儀に淑しくして、【誨猷】過たず
2675,小花を傘状に【攢簇】す
2676,一点に【倚藉】すれば崩落の種
2677,豪雨が【甃砌】を削る
2678,困乏を【賑贍】す
2679,この荒凶ぶりに【饑餒】を懼れる
2680,その男は【襴衫】を普段着とする
2681,天子に仕える【帝傅】
2682,童は無邪気に【餔啜】す
2683,西の書肆を【藐玩】し、東の書肆を贔屭する
2684,のさばる【贓蠹】を討つ
2685,自ら【矜伐】して君父に求めず
2686,春光の変化は【擲梭】の如く
2687,風雲長く為に【儲胥】を護る
2688,【袞職】が統治する地域
2689,霊験灼な【嵩岫】にて修行する
2690,廛里端直にして、【甍宇】斉平なり
2691,雷霆を聞いて、鳴弦【暫輟】す
2692,【莞簟】無きを愧じ、藁を席く
2693,自然を【戡殄】する程の環境被害
2694,【蟹胥】を好む物好きな男
2695,日月互いを【齧噬】す
2696,紅顔【涅歯】の巾幗
2697,【僉謀】の場を茲に設けよう
2698,【甕牖】の子らを恤れみて関せず
2699,農夫は【輟耕】して容与す
2700,【簷楹】星斗を挂け、枕席風水を響かしむ
2701,孤独の【濬潭】に沈吟す
2702,十有二山を封じ、【濬川】す
2703,【胥蠹】の罪を暴く
2704,半空の【赤幟】は霞光を耀かす
2705,賓客食するときは則ち王の【胙俎】を徹す
2706,人は【鯢桓】の審を知らず
2707,何ぞ能く【来茲】を待たん
2708,柔和【忍辱】のかたちを作し、慈悲を先となす
2709,【袗衣】を被り、琴を鼓す
2710,狡猾不道、大臣を【誣愬】す者
2711,壁に【凭肩】して転寝している
2712,【勍勍】と煮え滾る市場
2713,華胄の厳かな【簽押】が羅列する
2714,天下の【禍簒】は人寰の疎慢に生ず
2715,彼【胝肩】繭足、以て升合の利を求む
2716,猋風暴雨総て至り、【藜莠】蓬蒿並び興る
2717,土工の【搏埴】に刮目す
2718,【誣譖】せられて遐く謫せらるるに遘う
2719,諸生親ら【畚築】を執り、土石竹木を搬運す
2720,春光射す【苔砌】の道
2721,首肯【拱揖】して謝す
2722,祖父は【饂麺】を啜る
2723,六十有余の【老嫗】、身の丈抜群にして
2724,子孫【孳息】し、今千を以て計う
2725,京都の【関尹】
2726,【岑蔚】に棲む珍生物
2727,金翅の【峨髻】、暮雲に愁う
2728,隷人【溷廁】を涅（ふさ）ぐ
2729,国中を【存恤】して政教を修む
2730,笑話を約四十篇【撰輯】する
2731,【儁秀】なる当代の碩学を招聘した
2732,【夾纈】染が施された屛風
2733,賃屋、【隘】にして湫やかなり
2734,野犬を【撻笞】して追い払う
2735,輝煥【斌蔚】、辞義観るべし
2736,舞女【趁節】して体自ら軽し
2737,堰とめて筏ひたせり【枸杞】の雨
2738,結婚式の【柬請】を送る
2739,人と【諍論】を好むことなかれ
2740,翠髪【趙痩】の皇后
2741,丘に【石碣】建つ
2742,貴人【簪纓】を抛つ
2743,源流【泓涵】として流れる
2744,州人家家、坐して【嵐岫】に対す
2745,【眩泯】として陽を睨む
2746,衆心【塵涓】の如く弄し
2747,髫齔にして既に【岐嶷】の情を垣間見た
2748,【脩袂】の裏に手を入れて弄る
2749,忽にして舟は【杳茫】として涯なき大海の上に出でぬ
2750,主人の帰りに【跂踵】する犬
2751,妄榧の木に【辜磔】される
2752,自由の【牙纛】を樹て
2753,資産【饒贍】なり
2754,【脩袖】を翳して延佇す
2755,直縄なれば則ち恩旧を【虧喪】し
2756,善く馬を御する者は【銜勒】を正し、轡筴を斉う
2757,その【耆叟】は矍鑠たり
2758,【磔禳】を俗習としていた
2759,【粤犬】雪に吠ゆ
2760,【麼虫】の這う漏屋
2761,糗糒（きゅうび）【脯脩】を貯えて帝に供す
2762,【薜茘】の落蕊を貫く
2763,靄然として在る【茨棘】の荘
2764,高きに登り首を回らせば【坡壟】隔たる
2765,我が子の為にと何一つ【悋惜】せず
2766,【栖鴉】、眈眈として死屍を狙う
2767,蜥蜴は【跂跂】脈脈として壁に縁る
2768,【貪婬】極まる荒耽の臣
2769,宛ら【嫗煦】の如く燮理す
2770,罪の是非を【莅決】す
2771,辺鄙を【蚩眩】す
2772,瘴気を放つ【岫幌】を鎖す
2773,崑崙に【縫罅】無し
2774,吾【恂恂】として起ちて、その缶を視る
2775,升降上下、周還【裼襲】は、礼の文なり
2776,樽前に【慷愾】し誰が為にか舞はん
2777,その青銅器には【餮饕】が刻まれている
2778,事多聞に及ぶことを恐れて【懾憚】する
2779,惨き【脯醢】の刑
2780,流れに找し【鳧鴨】乱れる
2781,颶風来り、【掀掀】たる巌
2782,子、【迪哲】を以て政を称える
2783,各地の【雋乂】集まる黌堂
2784,【罌粟】殻は鎮咳等に用いられる
2785,冬木立に群れる【寒鴉】の声
2786,【汰侈】甚だしきは、身の災いなり
2787,自らを愧じ、【櫟樗】にして器に非ず
2788,長弓を構えて【雉兎】を逐う
2789,【嫩蕊】、商量して細細に開け
2790,二樽の【罍罌】を積む
2791,【皁莢】とはサイカチのことである
2792,憤ること【湍滝】の声の如し
2793,【鹿寨】を張り巡らす
2794,羹が尽きたと詐り【櫟釜】する
2795,【殍餓】無き此の国
2796,富者に【佞諛】せず、貧者を救恤する
2797,一撮【錙錘】の水
2798,【滂湃】たる濁流に呑まれる
2799,飛ぶ【鴥隼】は天に至る
2800,過失を認めて【瀝忱】した
2801,【荼蓼】は朽ち、黍稷が茂る
2802,自ら【焠掌】を課して鞭打つ
2803,【旻天】に玄鳥を見る
2804,手紙に【惻怛】の意を綴る
2805,土塊炸裂して【澆灌】し職田と為す
2806,斜雨雪庇を【滌漑】す
2807,湛然たる【碧潭】に橋梁を架す
2808,【祁祁】たる豳歌（ひんか）に傷む
2809,猛獣眈眈と【叢薈】に伏す
2810,天の【牖民】は壎の如く篪の如く
2811,曙光射し丁男【犂鋤】に揮う
2812,取り付く【疽腫】を剔刔す
2813,少彦名神の申し子、その【癈疾】の呪縛を解く
2814,この雨は神からの【矜恤】か
2815,釜を洗いて【黎祁】を煮る
2816,御前に【祗候】して拝顔の栄に浴す
2817,君子の徳を脩むるは【笄丱】に始まる
2818,茱萸の樹が【簇生】する
2819,旧態依然として有る因習を【簸却】する
2820,躍如として文化革命に【翊賛】した
2821,燦燦たる旻天、【耨耕】に精励す
2822,矯激【噪聒】の語を談ず
2823,駸駸としてその疆を【聿越】す
2824,斜光に照る【蜀葵】の絳い花
2825,君子の肺腑を【臆揣】する能わず
2826,令尹の【縦臾】の言に従わず
2827,文章を【芟正】して潤色する
2828,候鳥鳴く【苞栩】の林
2829,奸臣に謀り財利を【辜較】せん
2830,雪消して現る【梵砌】駘蕩なるかな
2831,遺文を【綴緝】して永く世に貽す
2832,【蝸螺】とはニナのこと
2833,混混【汨汨】として、濁れども徐に清む
2834,【什麼】の処にか去る
2835,双袖に【隴種】として涙墜つ
2836,【闖闖】として魚は萍に隠る
2837,禄山の反するに当り、【哮噬】前無し
2838,芸閣にて独り【懊恨】して夜半に至る
2839,煤だらけの【堡寨】址
2840,隘路に【城堡】を築く
2841,固着した【垢滓】を滌除する
2842,災火まさに起こり、民人を【滌盪】せんとす
2843,畿内とて奸悪は【蠹居】棊処の如く在る
2844,一編の【蠹簡】を懐く
2845,獺祭魚の如し、あるいは【蠹魚】の如し
2846,浩瀚な詩書を【書蠹】に説く
2847,愛を衒いて鴆毒を抱き、腹にも【蠱毒】を懐く
2848,兵燹の犠牲者が安らぐ【丘隴】の地
2849,老爺の菜圃【麦隴】は菁菁と茂る
2850,茅苫一月、【隴上】に宿す
2851,糟糠の妻なればこそ能く【娟雅】なるぞ
2852,【便娟】たる踴りは観衆を蠱す
2853,憤懣遣る方無く、我が胸膈は【噎鬱】たり
2854,孫の【穢行】を鄙しむ
2855,阿諛追従は【醜穢】と思え
2856,端倪すべからざる【黠児】と一手指す
2857,その情固より【狡黠】にして、その状頗る猖獗なり
2858,彼の【剽疾】なる伎倆は鶯梭の如し
2859,その子の俊邁にして【軽剽】なるを見る
2860,千鎰の国帑を【剽掠】せんと欲す
2861,名論卓説を窃んで【剽賊】を働く
2862,この山道は【剽盗】が罷り通る悪所だ
2863,蠢動する国蠹を【剿滅】せん
2864,入内雀が稲を食らうと雖もそれを【勦滅】するなかれ
2865,征伐するに、枝葉に拘泥せず根柢を【勦絶】せよ
2866,【勦説】するなかれ、雷同するなかれ
2867,国歩艱難を極め、倍日幷行して【運籌】す
2868,廁上に孑然として【籌略】を運らす
2869,扠、この迺公に乃が【気魄】を示せ
2870,惟れ一月の壬辰、【死魄】に旁（ちか）し
2871,顔を披き争うて【倩倩】たり
2872,【齔髫】にして師資相承の器を持つ
2873,愛い【髫髪】の娘、孝悌を為す
2874,それは蛇蝎の如く【諱忌】されている
2875,君に誣言なし、民に【諱言】なし
2876,【匕首】を執りて公衙を劫かす
2877,【顧眄】すれば光彩を遺す
2878,幺弱の子に【眷眄】の愛を予える
2879,【一眄】して一挙手一投足を見逃さず
2880,【篳門】閨竇の人、蓬戸甕牖の人
2881,遏雲の曲を聴き、【眷眷】として郷愁に耽る
2882,紅極まって【緑礬】の輝きを閃かす
2883,【眷想】すれば斯学炳として易し
2884,侃侃諤諤たる下﨟の諫諍に対し長頸【烏喙】の臣が君に左袒する
2885,鳥獣戯画などの【嗚呼】絵が保管されている
2886,左輔【右弼】兢業として万機に臨む
2887,恬然として觴詠し、【雋永】の詞と師は曰く
2888,螽斯の羽、【揖揖】たり
2889,人間都に輻輳し、以て【紜紜】として旁午す
2890,饕戻の奸を【庇蔭】したことに因る幫助罪で縲絏の辱めを受ける
2891,【饕戻】の蛮族、大賈の財を剽掠せん
2892,親戚を封建し、もって周を【蕃屛】す
2893,晩年【竺学】研究に携わる
2894,宸襟は悸悸としてこの【孼牙】を憂える
2895,【孼子】は貧賤、甥姪は富貴
2896,憲法は必ず【秉公】して国の為にすべし
2897,一家の【権秉】に圧されて癪に障る
2898,羇寓の【椅几】に撓垂れ掛る
2899,街は【卉然】として殷賑を極める
2900,鼎臣は文を以て主君に【譎諫】する
2901,【羶血】飽くまで膏せん
2902,野豊かなれば百物【殷阜】たり
2903,その謬説を悉皆【剽剝】して匡しくする
2904,萱堂【丐子】に恵む
2905,日に群行し、市に【丐取】して嗛（あ）かず
2906,その妃嬪を【丕子】の傅育の任に置く
2907,忠臣我が【丕基】を弼く
2908,天下の壮観にして、王者の【丕業】なり
2909,【丕顕】なる皇祖考の遺訓を明徴にす
2910,尺一の文より【右丞相】の任に就く
2911,玉簾の内に【丱童】坐す
2912,肇国より已に六十余年、天下【乂寧】なり
2913,操觚界の【俊乂】に聘問の礼を修める
2914,【頃之】して客、予と対局せんと謂う
2915,謨訓に【乖違】する謬見を垂れる
2916,天に【乖背】し社稷に寇なす
2917,官吏ら、此処に【于役】するなりという
2918,采女の丁ら、頻頻【于帰】す
2919,病勢が次第に【亢進】する
2920,紛諍は【亢傲】せらるる心より起こる
2921,この説が私が【仄聞】したところである
2922,寝つけず蓆の上を【反仄】する
2923,この詩は【仄韻】を踏んでいる
2924,平声と【仄声】を交互に置く
2925,【蠆芥】を疎かにすれば賊子となる
2926,【穎慧】神の若きも、僅かに齠齔に至るのみ
2927,宮中の楹を【黝堊】にす
2928,瓦屋を【赭堊】にするを許さず
2929,醴を陳ねて【悴顔】を発く
2930,世俗の説を為す者曰く、尭舜は【擅譲】すと
2931,婬風に【很忤】して匱乏を選ぶ
2932,世人の【忤逆】を受く
2933,善く【磬控】し、善く縦送せよ
2934,玉石混淆の属吏、正邪【雑糅】の廟宇
2935,壮士毎に【角觝】を好む
2936,一枕【黒甜】の余
2937,明朗にして【愿朴】なる者、この労苦を厭わず
2938,大塊群生稟け、【洪鈞】万類を陶す
2939,檄文を読み、【轂下】へ馳せ参じた
2940,絶讃【推轂】して枢要の職と為さしめる
2941,巧緻の略を帷幄に【周匝】せん
2942,炊爨の暇あらず、【挈挈】として東下す
2943,膂力を縦にして石巌を【挈起】す
2944,国事多端、【官銜】夙に起き遅く臥す
2945,厩舎で【馬銜】を整える
2946,胄子の【蚤夭】、その巫医を聴さず
2947,河水清くかつ【漣猗】たり
2948,官海已に【柔毳】の如く衰憊したり
2949,風は【瀏莅】として簷鐸を盪かす
2950,刪潤を要する【舛駁】な詩稿だ
2951,無道を為して社稷を溺らし、【井竈】を汚す
2952,咎を悔いて其の譴黜に【自歉】す
2953,乾徳孔だ【照懋】にす
2954,危嶺其の上に【屹屹】として挺立す
2955,怡怡として親長に奉じ、敢えて【驕易】を生ぜず
2956,太祖の為人は【佻易】にして威重無し
2957,之を【竄易】して堅白同異の弁と為す
2958,沖寞【勿罔】として隠見せる嶼なり
2959,霊泉に浴して【沈痾】を養めん
2960,駘蕩たる春光に【枸橘】の花を見えたり
2961,主客相搏ちて山川【震眩】す
2962,要津に【商估】薈萃して洶洶たり
2963,【碧梧】棲み老ゆ鳳凰の枝
2964,心の貞確を【蒼昊】に誓う
2965,太后の【嬖倖】が事を用う
2966,彼等に【倭寇】の鎮撫を嘱した
2967,草樹【溷淆】し、枝格相交わる
2968,幽壑の【潜蛟】を舞わしむ
2969,急湍の如し【諠囂】から遁れる
2970,齢既に酣と雖も其の【花瞼】暉けり
2971,一人【蹕】を犯す、罰金に当たる
2972,【立纓】の冠を差した内裏雛
2973,璧を完うして【趙】に帰らん
2974,長袖善く舞い、多銭善く【賈】す
2975,【暘谷】より升り、虞淵に落つ
2976,【便辟】を友とするは損なり
2977,情【紆軫】して、其れ何くか託せん
2978,【檀欒】空曲に映じ、青翠漣猗に漾う
2979,法吏多くは少年たり、【磨淬】して角圭を出だす
2980,【臀】株木に困しむ
2981,羸兵皆屎を【瀉】して潰走す
2982,車馬から【攘臂】して出でて衆を悦ばす
2983,【告訐】を以て誠直と為し、同徳を以て朋党と為す
2984,社稷【墟】となる
2985,【疇曩】に殉じた者に諡する
2986,細鱗は釣綸を為すべし、【蜚禽】は弋繳を為すべし
2987,玄鶴の【觜翅】儼たり
2988,放飯する毋れ、【流歠】する毋れ
2989,【苑囿】以て禽獣を擾らす
2990,姦なる【檻穽】を訐いて禁廷に告ぐ
2991,洪濤【瀾汗】として万里際無し
2992,【榜掠】すること千余、痛みに勝えずして自ら誣服す
2993,【金榜】に名を掛く
2994,胸中【悸悸】として周章狼狽する
2995,羽檄【旁午】して寧日なし
2996,日月の【旃旌】を建つ
2997,灼灼【暉暉】たり下舂の刻
2998,虎【嵎】を負う
2999,【槍杆】毀れ讐敵と駢死す
3000,父兄【殲殪】すば子弟群起す
3001,檸檬【一顆】を手にする
3002,稟性虚弱にして、【嬰孩】以来連りに篤痾に罹る
3003,花は上苑に明らかにして、軽軒【九陌】の塵に馳す
3004,その身【老懶】にして久しく鉛槧の事をせず
3005,洌風栗烈として【鴛衾】重し
3006,扈従【鮫函】を帯ぶ
3007,府に赴くを【餞】す
3008,皇の赫戯たるに【陟陞】す
3009,婦人は【繻珍】の吾妻袋を提げる
3010,千金の子【堂陲】に坐せず
3011,箸を控えて【餉饋】を待つ
3012,積氷の【磑磑】たるを行く
3013,耆婆【扁鵲】の薬
3014,【乾鵲】噪ぎて行人至る
3015,超然として萃を抜く【英絢】の姿
3016,権争は天の【恫愒】以て鎮む
3017,その者祚の【胤裔】と称せられる
3018,庭中に異香を【燻】じ、虚空に花が降る
3019,鳶肩【傴背】の姿容
3020,窖中に土窩を為して【蛹化】する
3021,一掬の雪を以て【霧瘴】を消さん
3022,高熱で頻りに【譫語】している
3023,泯びる【緇流】の跡爰に在り
3024,鶏を濡（に）るには【醢醬】にて蓼を実たす
3025,【杳窕】たる青雲を望む
3026,弔辞を告げ、【贈賻】の礼を致す
3027,稲株が育って【分櫱】しはじめた
3028,【欹危】として楫師の趾
3029,獺祭の如き書机の傍らに【溲瓶】一つ
3030,木索【頸枷】を掛けて囹圄に縻ぐ
3031,軍師の禁を犯す有れば、杖して之を【枷】す
3032,夢笑【嬌靨】を開き、眠鬟落花を圧す
3033,豪宕【莽蒼】の気を領する
3034,この【嚮背】は二国の強弱に大いに関係する
3035,舟楫を【港澳】に容れる
3036,斬衰し【苴杖】し、倚廬に居り粥を食らう
3037,防空壕の【掩蓋】に風穴があく
3038,史記石室【金匱】の書を紬（つづ）る
3039,国権を制し【府帑】の濫費を防ぐ
3040,離婁微かに【睇】す、瞽は以て明無しと為す
3041,礼義無くば【鸚猩】に異ならんや
3042,本門と【迹門】に勝劣を付ける
3043,小さな腫瘍が【橈骨】にあった
3044,地平の上にあるは【褪紅色】の月
3045,手足が【痲痺】する
3046,【褶曲】山脈が連なる
3047,【秤量】二十瓩の衡
3048,【痳病】と瘡気の無い者はない
3049,狂人【瘋癲】跋扈す
3050,【経膣】分娩が可能である
3051,甚く【悔悛】を覚悟する
3052,【羚羊】、角を挂け、迹の求むべき無し
3053,【菠薐】とはアカザ科の植物である
3054,【瘻管】を形成する
3055,人の苦痛と【苦患】は量り難し
3056,書を読みて聖賢を見ざれば、【鉛槧】の傭と為る
3057,季節の料理を腹一杯に【堪能】する
3058,和尚と【副司】が酒を交わす
3059,幼少時に【瘰癧】の経験がある
3060,【南鐐】二朱銀が発行される
3061,隠れて部下に私事を【吩咐】する
3062,その僧侶は【還俗】して浄瑠璃を語る
3063,関心から【阿含】の研究に耽る
3064,蝮酒は【肺癆】を治し、娼妓の疲れ痩せたるを復す
3065,梅雨に【癜風】を患う
3066,一心に浄土を【欣求】する
3067,飛鳥大樹に【囲遶】す
3068,衆生尽く慈しむ【救世】の闡提
3069,一部の【靺鞨】が渤海（ぼっかい）を建国した
3070,遠くに【棹郎】の謳を聴く
3071,【鞨鼓】の曲を聴く
3072,赫たり【愃】たり
3073,宮女は【鞦韆】に腰掛ける
3074,二種類の【契丹】文字で書かれた墓誌
3075,及ばずながら私が【媒妁】の労を執ります
3076,署名と【拇印】を押す
3077,【橙黄色】の色鉛筆
3078,嬪御の弾く清らかな【箜篌】の音
3079,頭部に白い【繃帯】を捲く
3080,近海に【颱風】が発生する
3081,若くしてその方の【伎倆】を深くしている
3082,相生を吉とし【相剋】を凶とす
3083,【肩胛骨】辺りに痛みを感じる
3084,酒味は既に【冷洌】、酒気はまた氛氳（ふんうん）
3085,【喇嘛】はチベット仏僧の称
3086,高炉の火中、【坩堝】足煉す
3087,赤っぽい唐桟の【袢纏】
3088,多量の【砒素】が検出された
3089,【硅素】は地球の主要な構成元素の一つ
3090,【茯苓】を服すること十八年、玉女之れに従う
3091,女、我を【疚心】せり
3092,出産の報に【逸】早く駆け付けた
3093,改札口に簡易【入鋏】器が設置されている
3094,神聖にして【影向】の地と謂われる
3095,本地【垂迹】の地
3096,戦地の【瘡痍】をして尸諫を進める
3097,【関礙】と成り得るものを排斥する
3098,蛙蛇【蜒蚰】の三虫闘争す
3099,【襁褓】の籠に包まれた捨て子
3100,【汀葭】、晦きこと秋の若し
3101,晨光の【熹微】なるを恨む
3102,弦管夜に【鏘鏘】たり
3103,【罟客】、自ら魚を求む
3104,一群の【鷓鴣】が舞い上がる
3105,灼熱地獄の【嚬呻】を聞くが如く
3106,【螟蛉】に子有れば、蜾蠃（から）これを負う
3107,歳を守る【阿咸】の家
3108,春眠暁を覚えず、処処に【啼鳥】を聞く
3109,旗幟並び建ちて【鎗鍠】啾啾たり
3110,砂漠にて【白坿】を見つける
3111,【蜻蛉】の滝
3112,【刋改】を繰り返し彫像を彫る
3113,弾丸【黒痣】の地
3114,【祠祀】の官を置く
3115,【荳菽類】の種子
3116,【蛔虫】の感染を危惧する
3117,【褪英】雨澗に浮かび、残蕊風潮に漾う
3118,摶飯を呑んで【痞結】する
3119,【粢糲】な饗膳が並ぶ
3120,各駅【駛足】を募る
3121,尾張の【荵冬】酒
3122,憂いある心の【悄悄】として、群小に慍まる
3123,【惘惘】としたる子等を奮わす
3124,貧巷、【痿蹶】の人の累累たる
3125,【砲熕】関連技術に長ける
3126,金色に輝く【金鵄】が刺繍されている
3127,刃相軋して【戔戔】たり
3128,【早蛩】啼いて復た歇む
3129,倭国の至る所に【禎祺】の神仏有り
3130,厳しく【拑口】の事を命じられる
3131,奴婢に【捶撻】して苦役を強いる
3132,欅樹もって【搗臼】を成す
3133,銅壺で【燉酒】をする
3134,貓貍に餌啗し、獲ようと【羂挂】す
3135,【擂槌】で胡麻を擂る
3136,【膚腠】を温めて今日を凌ぐ
3137,【鵁鶄】とは五位鷺のことである
3138,【蝗旱】相仍り歳すでに荒す
3139,四方の民、その子を【襁負】して至る
3140,彼の美なる淑姫、与に【晤歌】すべし
3141,右手に剣、左手に【羂索】を持つ
3142,白頭翁、【梃杖】突き徒弟に寄る
3143,酒は【胸膈】を煖める
3144,我が家に【鴿書】が届いた
3145,【潟湖】の畔に生まれた漁村
3146,【矛槊】を天に向ける
3147,【春祺】、駘蕩たる春光
3148,忠義の下に【殞命】する
3149,瘴気は滌除し、【犲狼】は竄伏す
3150,急拵えの【毬灯】を提げて行脚する
3151,【沍陰】極まる土地
3152,軒に憑りて【涕泗】流る
3153,奇怪千万な【謎語】が綴られている古書
3154,【渝溢】する滝壺
3155,【桀紂】に比すべき暴君
3156,一生を【羇寓】に送る
3157,山色【空濛】として雨も亦た奇なり
3158,【萁稈】一石、吾が二十石に当たる
3159,五百年にして【蜃蛤】と為る
3160,七色【眩燿】、心を晴らす
3161,月吐いて牕【冏冏】たり
3162,齷齪と働く【袒跣】の小女
3163,この者の【禹甸】の済るを聴さず
3164,【鈿瓔】累累として珮珊珊たり
3165,【嗔訶】を以て長成す
3166,論の【紕繆】を穿り弁駁する
3167,その声【鏗鏘】として聞く者耳を欹つ
3168,【珠瓔】炫転（げんてん）して星宿揺らぐ
3169,鞿（き）を以て【駻突】を御す
3170,花袴は【萃蔡】として秋塵に歩す
3171,先づ期す汗漫【九垓】の上
3172,腫瘍を【剔刔】する
3173,【奚奴】を従えて訪れる
3174,昨夜からの【霏霏】たる雨
3175,【娵隅】を捌いてそれを饗す
3176,艶めく【嫖子】の一瞥
3177,【鸛鵲】楼に登る
3178,【蜻蜓】の頭を西向の戸下に埋め
3179,【桴筏】海に浮かぶ
3180,酒気を帯び、【誕謾】を放言する
3181,一月を以て【瘉疾】する
3182,【徇国】すること勿れ、親族を慈愛せよ
3183,兎有りて【爰爰】たり
3184,筑陽は頭を垂れて碧に、【秧苗】は意を満たして青し
3185,水平に【泥鏝】を動かし塗装する
3186,【慊慊】として天を仰ぎて歎ず
3187,【鶚視】して先を争い、龍驤して並び駆く
3188,百戯を弔して衆口【諠譁】す
3189,【瘧疾】に罹ったように酷い寒気がする
3190,【測鏈】で距離を測る
3191,簷滴は【霤槽】一個に中る
3192,【騏驎】は一日に千里も走るといわれる
3193,【仟佰】は交わり通じ、鶏犬相聞こゆ
3194,草鞋を穿かず【踝跣】にして旅する
3195,赤漆で塗られた【夾紵】棺
3196,【霪雨】霏霏として連月明けず
3197,【羯羶】を味と為し、我が情を枉遏す
3198,収穫は【蛤蜊】一艘有るのみ
3199,善行を積んで【价人】となる
3200,【灯檠】ごと崩して火を熄む
3201,地に【踑踞】して天籟を聞く
3202,鐘楼の【欒櫨】
3203,【彭殤】を斉しうするは妄作たり
3204,しかるべく【羯磨】して隔離される
3205,臙脂に涙の【沁痕】有り
3206,漁網の【泅泳】する此の海
3207,【蜥蜴】とはトカゲのことである
3208,認可を【踟躇】して三日経つ
3209,県官日に【廩稍】の供有り
3210,気も鬱ぐ【溟濛】の時
3211,【絳脣】珠袖両つながら寂寞
3212,晴楓【蕩漾】して、落花飛ぶ
3213,月が【皎皎】と輝く
3214,【羲景】の煌めきが降り注ぐ
3215,肘腋【臂胛】に汗滴る
3216,殯柩その郷土に【堋】す
3217,士卒【譁譟】して門に赴く
3218,一枚目と二枚目の【綜絖】を交互に通す
3219,【萍蘋】一浪の草、菰蒲片池の栄なり
3220,【皖】たり天の明星
3221,【遑遑】として奔走する
3222,四苦あれど【騫騫】として生謳歌す
3223,東閣の賢に【叨陪】す
3224,【苣苳】、冬に生ゆ
3225,伈伈（しんしん）【俔俔】として民治める
3226,天然で【劭美】なる宝珠
3227,紅紫の【綉襖】
3228,【嫺雅】な立ち振る舞い
3229,人栄えて【蜩螗】沸羹たるを生む
3230,【蘆苻】とはヒヨリのことである
3231,家畜の背に荷物を【佗負】する
3232,【宴犒】を尽くす
3233,長身体軀の者【驂乗】となる
3234,大きな【鷭】が沼の鰌を狙っている
3235,【蜚蠊】以て家内囂囂たり
3236,【蒔蘿】とはイノンドのことである
3237,臘月【遘愍】多し
3238,大観衆の期待に【懍慄】する
3239,【蝙蝠】とはコウモリのことである
3240,議員を辞して此地に【遨遊】す
3241,サーベルを佩帯する【驃騎】兵
3242,【佶屈】なる句は貴からず、平凡なる句はなかなかに貴し
3243,獲物を【坎穽】に陥れる
3244,頭に【碼瑙】の冠を戴く
3245,【桴鼓】の音に邦賊憚る
3246,熱帯に繁る【椰樹】
3247,砂泥に【蛤蠣】有り
3248,崇牙の状、【樅樅】然たるを言う
3249,鍛接や【鑞接】で金属を溶接する
3250,四角【号碼】は王雲五により考案された
3251,銀光万頃、【淒其】たる風露
3252,談論、【讙譟】して正子に及ぶ
3253,偏体【疥癩】の病人
3254,春に【魚滬】で漁獲する
3255,痴人は【鑪冶】を好む
3256,霖雨壌に【滲漓】して泥濘と成す
3257,【澣濯】の衣を服す
3258,徐に行り、【翔佯】して帰る
3259,【墨瀋】を飲むことを令す
3260,【頑癬】の痒さで眠れない
3261,【集葯】雄蕊が取り巻いている
3262,この形勢は【逆覩】し難い
3263,到底【刳心】する能わず
3264,【綵舟】に雲は淡く、星河に鷺は起つ
3265,家中の物を【搶奪】せられし
3266,一銀に父は【慊吝】、子は放蕩
3267,累雪の下に竹蔭猿声を【覩聞】す
3268,【什佰】の兵をして鳳翼を為す
3269,【狐狢】の厚き以て居る
3270,【芻秣】時を以てせば、則ち馬も車を軽とし
3271,【鹵楯】もて前と為し、戟弩もて後と為す
3272,宴の中独りで【独侑】する
3273,予想外の現象が【倔起】する
3274,忠直の乱心も【佯狂】にすぎない
3275,【崛崎】する富士の山
3276,【雲鑼】の奏でを聴く
3277,鶏鳴、【堂廡】に白鶺鴒居る
3278,長眉月に対して【彎環】を闘ふ
3279,諸侯四夷、遠近【驩洽】す
3280,【鑾輿】迥かに出づ仙門の柳
3281,【蝘蜓】とはヤモリのことである
3282,先生の次回作を【俟望】する
3283,水難者を【拯溺】する
3284,【皎月】いまだ升らずして星天に満つ
3285,中庭に【竚立】するなり
3286,情理を【矯揉】す
3287,昼は茅刈り、宵は【索綯】す
3288,申椒と【箘桂】とを雑う
3289,【擡鎗】とは火縄銃のことである
3290,【麌麌】として人衆夥多なり
3291,其処彼処に【蛞蝓】這う
3292,【讒慝】の口を間執せん
3293,何事も【初桄】を確立して進むべし
3294,【屋梠】で一時雨宿りする
3295,【蝲蛄】とはザリガニのことである
3296,焱涼（えんりょう）極に達すれば花卉【樔絶】す
3297,衣は【骭】に至り袖腕に至る
3298,親昵なる【甥舅】、啓処するに皇あらず
3299,【蠑螈】とはイモリのことである
3300,【浙東】学派と浙西学派
3301,影は南山を浸して青【滉瀁】たり
3302,金璽【綟綬】が授けられる
3303,【鹹滷】の地、作物は実らず
3304,我にその【革鞜】を履せよ
3305,邪は清水を沐して【澡雪】せよ
3306,運命の【骰子】を擲つ
3307,青蕃は【翠瀲】に蔚れり
3308,私室に【蓆藁】して、以て斧鉞の誅を待つ
3309,凱歌の【讙虞】の声が谺する
3310,【面皰】とはニキビのことである
3311,質実【蹻勇】なる快男児
3312,砂漠に鏤められた【骸骼】の道
3313,【笊籬】持ち河へ馳す
3314,我独り【邱園】に四春を坐す
3315,小人者共【匈匈】たり
3316,酸を得れば則ち【縮綣】す
3317,俳諧を見渡して終始【咏歎】する
3318,決して【羲和】は弭まず
3319,旁は【笆籬】を織りて護る
3320,竹帛に書し、【槃盂】に琢る
3321,諸将皆【嘸然】たり
3322,神明素より【麺麭】を喫せず
3323,【坎】が月、離の日の光明の精神を表す
3324,備え無くば山麓に【闌殫】す
3325,悲しき【胡笳】の声を聞く
3326,澗谿【沼沚】の毛
3327,一里に及ぶ【郛郭】が囲繞す
3328,心に疚しき事無くば、【縲緤】の縄目も辱ではない
3329,【公廨】の造畢を祝う
3330,疾く【艀艇】に乗ず
3331,皆【蔬筍】を食らい葛藤を帯ぶ
3332,【恟駭】愁苦して、以て其の帰るを忘る
3333,出土の異なる二つの銅鐸は【同笵】であった
3334,当今の政は【淑慝】を旌別するの時なり
3335,既に亀貝積しく寝み、【緡繦】専ら用いらる
3336,君子胡ぞ【慥慥】爾たらざらん
3337,兵を磨き、士を養い、日日【拊循】す
3338,岩壁を【縋登】して脱する
3339,叢叢頻りに【鹿盧】を引いて澆ぐ
3340,【楡枋】を以て車と成す
3341,ペリカン科は全【蹼足】である
3342,祖父の【殯柩】を前に歔く
3343,【艤棹】して帰き、稍蒼波に赴く
3344,【螾衍】地に這う
3345,清漣の先に【淙潺】たる潤いを聴く
3346,北嶺には【紫筍】長ず
3347,【蘿蔔】は春の七草の一つ
3348,白蟻【桁梧】を虫食む
3349,【玫瑰】はハマナスの別名
3350,水洟も【冱凅】する極寒
3351,英風を【海甸】に布き、令誉を京邑に馳せる
3352,【晧白】として広がる大雪原
3353,【敦厖】の贐に涙する
3354,水無月、【顚蕀】は花を咲かす
3355,【俐亮】な声で話す
3356,雲樹立つ【榧檜】の廈屋
3357,口【噤閉】して言わず
3358,楚館の【蕣華】、能富翁の産を蕩す
3359,【我們】が起す所の心象は如何
3360,城中蛾眉の女、【珠珮】珂珊珊たり
3361,心身【躊竚】して焦らず
3362,土地【兼幷】を禁ずる
3363,出車【彭彭】、旂旐（きちょう）央央たり
3364,十二宮と【躔次】に造詣がある
3365,【竹筧】に甘泉を分けて、石鼎に茶の湯を立ち置きたり
3366,神気【慠誕】にして、竟に賓主の礼無し
3367,居る所は【聆聆】なるも、背きては得ざるが若し
3368,貯財は【黶然】として在る
3369,簾外に雨は潺潺たり、春意【闌珊】たり
3370,蓬戸に【病歿】していた
3371,その言は【洸洋】自恣にして以て己に適う
3372,与え尽くす輿窓【一繦】の銭
3373,今一度【俶装】して赴く
3374,朋友には切切【偲偲】たり
3375,剣を抜いて【自剄】せんとす
3376,物、【昭晢】として互いに進む
3377,将相は【聳眛】の民を思わず
3378,府廷に【听听】す
3379,【縵帛】を茵となし、蔣席は頗縁にし
3380,【薑桂】の性
3381,滂湃たる波濤は【堆埼】に激す
3382,【菟裘】の地にて休む
3383,贋の鼎を取り出して諸侯に【夸耀】した
3384,昆弟【妻嫂】目を側めて敢えて視ず
3385,忠臣、【惓惓】の義なり
3386,【惷愚】の子、化して聡哲の人となるべし
3387,高く猿啼を作して【箭箙】を揺るがす
3388,田を為りて【阡陌】を聞く
3389,王妃の【璇室】にて謁見する
3390,天下を【闡幷】し、災害は絶えて息む
3391,大国と雖も般楽【怠敖】すべからず
3392,【曙曦】天門を開く
3393,歳十一月【徒杠】成る
3394,【幽篁】の裏、琴を弾じて長嘯す
3395,冥闇に潜むは【鼬鼯】の類か
3396,【薇蕨】漸く春栄んなり
3397,前庭の【榕樹】荘かなり
3398,紅玉のような【朱櫃】を賜る
3399,【渟膏】碧を湛う
3400,甘露、其の壌に游び、滋液【滲漉】す
3401,海上の獰飆を【浪潯】に立って見据える
3402,貴人は【繖蓋】を差す
3403,河口港に【澪標】を立てる
3404,衣服を澣濯して【烙鏝】を当てる
3405,【阮咸】は竿上の褌を手向く
3406,我が疚心を【誂弄】する
3407,【瞽言】忌諱に触れる
3408,大廈を建てる時は【基阯】を確とせよ
3409,夜の【夢魘】、悄愴として眠られず
3410,【哢吭】清かに聞こゆ
3411,熟した【苹果】に譬いし眼
3412,樵叟の【大哥】と称される
3413,【壙壙】たる天下に我一人
3414,紅葉散ること【僊僊】たり
3415,犬に論語、【瞳矇】に説く能わず
3416,【囮場】に投じて烏有の悦を為る
3417,門を潜れば【嫣紅】の薔薇が迎える
3418,牀に臥して【嬾架】で読書する
3419,【孰慮】して判断せよ
3420,九霄の【廱廱】として其の園在り
3421,【苜蓿】の焼跡蔽うことをせず
3422,人の手癖を【倣傚】する癖がある
3423,客【愀然】として前非を悔いる
3424,暗潮枕を打って【篷窓】に泣く
3425,丁丁たる【釿鋸】の音、樵歌壮快なり
3426,荒寥とした【陌阡】が続く
3427,【懈惰】は勉強の過ぐるに孰若ぞ
3428,【扎扎】として機杼を弄す
3429,笙や篳篥を【撥捩】する能わず
3430,人民を【簧鼓】するを抑制して敵情を和らぐ
3431,粗鬆なる筆法、【陜隘】なる規模
3432,甍は【齦齶】として続いている
3433,【鯊魚】の如く口を開く
3434,幾群の【薹笠】、暑耘の人
3435,傾国の【嫻妖】たる色香に惑う
3436,天命を【亟務】とせよ
3437,彼の門楹は斫られたり、彼の【石矼】は毀れたり
3438,【鳳簫】吹断して水運間かなり
3439,腹を裂いて【尸諫】を進める
3440,九月、紀の【裂繻】来りて女を逆う
3441,寸かに【剌謬】有りて以て相和せず
3442,その人に手厚く【餽遺】す
3443,倒れながら【呷然】として笑う
3444,天然水を【蒸餾】する
3445,濯濯たる麟、彼の【霊畤】に遊ぶ
3446,【纊紘】充耳は、聞く所多きを悪むなり
3447,これを毀疵し、前に出でて【孅趨】して言う
3448,【僵尸】千里、血を頃畝に流す
3449,水底に潜む【赬鯉】の姿
3450,城塁を増し、【池隍】を深くする
3451,則ち古人の祭服を制して【旒纊】を設くる
3452,薄暗い【鰕鬚】の内
3453,【鰈域】は朝鮮の別名である
3454,すでに映ず洲前【蘆荻】の花
3455,【悽愴】たる涙が滂沱として流れる
3456,魴魚【赬尾】、王室燬くが如し
3457,【鉗口】結舌、敢えて所天に上訴せず
3458,【崚層】たる磴道を躋りて景勝なり
3459,ただ酒を飲み、【鰒魚】を啖らう
3460,逆軍に【斧戉】が下される
3461,【袍襖】の制、三品以上は綾を服す
3462,中なれば則ち従うべく、【畸】なれば則ち為すべからず
3463,玉の【鼎鉉】大いに吉なり
3464,その【造搆】堅牢なり
3465,【胯股】の間に猫が寝る
3466,良い実のみを択び【扱排】する
3467,雲霧【晦暝】に迷い惑う
3468,跣足の【轎夫】は山路を往く
3469,これ皆【摂籙】の臣の御子息
3470,青山【嶬嶬】として松籟索索たり
3471,蝶鮫の【魚鰾】の好む
3472,【敦樸】は直言に能う
3473,彼は【檸檬】の汁を好む
3474,林巒戸に当りて【蔦蘿】暗し
3475,褥の上の亡骸は、白生絹の【袿袴】を纏っていた
3476,囹圉に一年、被髪【儳互】たり
3477,錫を削り【鉋花】落つ
3478,【碾磑】や牧場を有する荘園
3479,碑碣に【剞刻】す
3480,芒芒たる【原隰】、祁祁たる士女
3481,諸友に飲御して、炰鼈（ほうべつ）【鱠鯉】あり
3482,怠惰は【呰災】を呼ぶ
3483,【咢咢】たる城門と番兵
3484,冬日は【麑裘】、夏日は葛衣
3485,【疥壁】を繰り返す悪餓鬼
3486,思わず【噯気】する
3487,綏県に【蜈蚣】多し
3488,先聖の【壼奥】を究む
3489,【中冓】へ招かれる
3490,【姨母】に可愛がられる
3491,炉を擁して【酒缸】を開く
3492,【孀閨】枕冷やし、風に吟ずる暁
3493,珍生物の【儻来】する嶼
3494,湖水で洗面して【塵痂】を去る
3495,【磅唐】として臼搗く
3496,金闕の【西廂】に座す嬪娥
3497,始皇【惺悟】し、世間の必ず仙道有るを信ず
3498,六年西を顧みて空しく【吟哦】す
3499,【懆懆】として水平の嶼を見る
3500,民、【蚌蛤】を食らう
3501,天子のいるところを【楓宸】と呼ぶ
3502,牙齦の疼痛は【牙疳】なり
3503,古楽器の【揩鼓】を張り合わせている
3504,赤く【銹錆】した太い鎖
3505,兵戈【搶攘】、未だ靖寧なることなし
3506,新苗の【新莟】を観る
3507,【蚯蚓】は内に筋骨の強無く
3508,下は黄泉に飲み、上は【晞土】を墾く
3509,戎機赴くこと【曁曁】たり
3510,親属【恊和】す
3511,煌びやかな【裲襠】に包まれる
3512,崔嵬不崩、群士【橿橿】たり
3513,長年の痼疾を癒やす【兪扁】の術
3514,淑やかの内に隠る【鋒鋩】が露になる
3515,堤防波濤を【雍塞】す
3516,世に【毋望】の福あり
3517,学童【罕儔】の才媛
3518,【汪肆】浩渺として、三方に環浸す
3519,六月、【莎鶏】羽を振う
3520,二子の名の天下に在ること【蛆蠅】糞穢の如し
3521,【檮昧】を以て至福とす
3522,険難の路に【磴桟】を架ける
3523,薬の副作用で【溏泄】を催す
3524,仆れて【脯糒】にも垂涎する
3525,機辟に中り、【罔罟】に死す
3526,小正月に【綵棚】を設置して明るくす
3527,乃ち憚懶惰は文学の【褊隘】を生む
3528,金銀銅鉄の【范熔】を掌る
3529,この【功勣】を胸膈に銘じる
3530,人をして【悽惻】の情を動かさしむ
3531,【撥鐙法】は現在の双鉤法に類似している
3532,草木はすでに【槭然】として黄たり
3533,左右の官婢、服飾【樸陋】なり
3534,簡牘に【歇後】の文多し
3535,晨に覚寤すれば【澡漱】に早速励行せよ
3536,率土の内、みな【雍熙】を致さしむること能わず
3537,【矇瞽】牆に面するも悟らず
3538,阿に吽に【笙簧】撼く
3539,空山に【洞簫】の声を聞く
3540,【糲粢】の食、藜藿（れいかく）の羹
3541,筆を呵して【絳帳】に居る
3542,春日に【翦綵】の簪を飾る
3543,麼虫【褌襠】に入る
3544,糸は縈（めぐ）り【縺縷】のごとし
3545,子は【繦褓】の中に在り
3546,【耙耡】を以て犂耕す
3547,政は【蒲盧】の如し
3548,【蔣茅】を燃して烽燧と為す
3549,猪牙舟の【艪声】、白鷗の嚶鳴
3550,軽快さに優れる【苧麻】製の麻靴
3551,蕭蕭たる【茄花】の池
3552,棹歌を聞き【蒲蓆】に寝る
3553,清澄なる【葦汀】に鶴鳴き渡る
3554,列卒は沢に満ち、【罘罔】は山に弥れり
3555,鬢と雲はわたらんと欲す【香顋】の雪
3556,周原膴膴（ぶぶ）として、【菫荼】飴の如し
3557,甑中【糝粒】無し
3558,親【褞褐】着て、子は紳衿を着るが如く
3559,禽獣求めて【脩罠】を張り廻らす
3560,和して歌い、【変徴】の声を為す
3561,之に【干姜】を混ぜ煎じる
3562,恋情の【混淪】たるを披瀝する
3563,【孑孒】は蚊の幼虫
3564,【寒燠】の先に効を知る
3565,頭の中は【焙炉】の如く火照っていた
3566,【蛞螻】鳴き蚯蚓鳴き
3567,その村の稗史【怪祟】多し
3568,酒醴を作るとせば爾はこれ【麴糱】なり
3569,【槃特】が愚痴も文殊の知恵
3570,螻蟻も群がれば人馬【逗撓】す
3571,礫石は変じて瑜瑾と成り、【莨莠】は化して芝蘭と為る
3572,弥生の上巳に【祓禊】を行った
3573,奸吏を【糺弾】する
3574,味方を言い包めて利を【菴婪】していた
3575,剛力【椹質】を砕く
3576,驍名を馳せる【熊羆】の士
3577,庖厨へ赴き【袒膊】する
3578,大帝の喑噁叱咤に【痿痹】縮栗す
3579,磴道万里、【跟腱】疼く
3580,【溥博】淵泉にして時にこれを出だす
3581,薪を【鍋竈】に入る
3582,時代の進化に【跟随】する
3583,姦慝を【糾逖】し四国を綏んずる
3584,韈を【縫紉】して赤脚を脱す
3585,その樹皮青白にして【駮犖】
3586,潮が引き【鹹潟】現る
3587,【尼甫】の儒を修めよ
3588,平安時代に敷かれた【仮寧】制度
3589,蔡を居き、節を山にし【藻梲】す
3590,飯を放り【噫噎】する
3591,薄物の【襌襦】で臥す
3592,兵士を【窪坎】に布陣させる
3593,【亶亶】とした道
3594,則ち【瓠落】にして容るる所無し
3595,【菘藍】は大青の漢名
3596,据え膳あれど【匙箸】はなし
3597,老措大と謂う者は【褶襞】の多い外套を着ている
3598,儀仗の兵、【嶢闕】を回る
3599,韓八座の事芸、【襪綫】を拆くが如し
3600,【篠籬】の中に蔬圃有り
3601,【悾悾】にして信ならざるものを、吾はこれを知らず
3602,幼時に【瘟疫】罹る
3603,小人敵前に【逗橈】す
3604,それあに蝦と【蛭螾】に従わんや
3605,刀を佩びる【番番】たる浪士
3606,【扠腰】する者には説法せず
3607,仲【拆裂】して鬩ぐ
3608,門庭を掃灑して【牀几】を払う
3609,【秬鬯】を献饌して巫祝が祈禱する
3610,倫理に背き是非を【撓乱】す
3611,【膰俎】を丈夫に致さず
3612,【鶤鶏】北へ飛ぶ
3613,栴檀【乾闥婆】の調べを賜る
3614,婀娜たる【姫姜】に謁見する
3615,泰【緬甸】連接鉄道は死の鉄路とも呼ばれた
3616,山道を【朞匝】して詠う
3617,【秣粟】の詰まった桶
3618,妖星一閃、叛旗翩翻たり【桀黠】の奸徒
3619,駕籠を二【梃】呼ぶ
3620,【菠蘿】とは鳳梨のこと
3621,【尼父】無き世に自律無し
3622,時利あらずして、【騅】逝かず
3623,弋人、矢を執り【貫弓】すれば狩る
3624,江南は【瘴癘】の地、遂客消息無し
3625,短簫【鐃吹】功ある諸侯に賜う
3626,その輿丁【臂膊】を役して舁く
3627,酒に【湛湎】し、君臣別たず
3628,【佚宕】なる情況なんどを写しいだすに適わず由あり
3629,【鷹鷂】の豢養を禁ず
3630,大【監物】の官に就く
3631,軽い声音の【嘶嗄】を来す
3632,誣言を陳じ、戚然として【紿告】す
3633,【犂旦】を迎えて兵火熄む
3634,【瘻癘】を已し、死肌を去り
3635,叨に【僭踰】の罪を犯す
3636,棺の両辺に大銅【鐶鈕】有り
3637,子供が【佝僂】病に罹る
3638,千軍【踴躍】して鬼神愁う
3639,【毋慮】数千羽の鷗
3640,子貢【瞞然】として慙じ、俯して対えず
3641,兄は【驂馭】の臣に属する
3642,嗚呼哀しき哉【鴇羽】の嗟
3643,沃饒の年、【蒜齏】甚だ美味
3644,風信子や【貝母】が花壇の土を裂いて葉を出す
3645,朝鮮人参を煎じて【蔘精】を造る
3646,山に【蹊隧】無く、沢に舟梁無し
3647,蛔虫や【絛虫】は寄生虫である
3648,夜半の【鐺鐺】に偲ぶ
3649,虎の尾を履む、【愬愬】たらば終に吉なり
3650,日常の【覃祺】なるを幸いに思う
3651,貴嬪の【蟬蜎】たる御姿
3652,昏以て期と為せしも、明星【晢晢】たり
3653,風に臨む【杪秋】の樹
3654,【枳枸】の籬を植えて塋域と為す
3655,一騎の騏驥は千騎の【騾驢】を凌ぐ
3656,煌びやかな【鸞輅】に駕する
3657,【欅柳】禁ぜず、朝暮の久しきを
3658,堂を前に烏合【遶弄】す
3659,儀礼を苟せず、【歙肩】する能わず
3660,我【殞殪】して鼃黽（あぼう）を零落す
3661,果たして穀城山下の黄石を見、取りてこれを【葆祠】す
3662,動くときは【幡葆】を飛ばすが若し
3663,符采【彪炳】、暉麗灼爍たり
3664,林薄、杳として【阡眠】たり
3665,天子の大駕の後に【袷輅】有り
3666,聴衆【狎恰】して浮萍を排す
3667,門を闔じて【鑰匙】を掛ける
3668,その土地元来【磽瘠】である
3669,その丈夫は【翔畋】を好む
3670,驂驥の駕より【驂鸞】の駕
3671,悩み事を【傍輩】に諮る
3672,銀の【鑷子】で毛を抜く
3673,矢一束を【鞴靫】に入る
3674,交霊に太鼓や【倭琴】を用いる
3675,【蝗螽】孳漫し、我が百穀を残なう
3676,君主と臣民の【啀恚】
3677,紅陽侯立の父子、姦猾亡命を【臧匿】す
3678,一斉に逃亡犯を【圜繞】する
3679,【培塿】に建つ別墅
3680,【浴沂】の楽しみ
3681,ああ小子、いまだ【臧否】を知らず
3682,酒を以て同僚と【親串】する
3683,問いかけに【逡遁】して答えず
3684,蛮人の【酋渠】を俘とせん
3685,閃く【幢牙】の威光
3686,七つの【腔綫】が二十二吋で一回転した
3687,童蒙【竹笘】に放縦として書く
3688,一家は歓談【串狎】して囂囂たり
3689,鷙鳥搏たず、【蝮蠆】螫さず
3690,【昆侖】として不詳の文字群が刻鏤されている
3691,我が子は【筱驂】を玩弄す
3692,麦秀でて漸漸たり、禾黍【油油】たり
3693,昼は【橡栗】を拾い、暮には木上に栖む
3694,名要らずんば【掏摸】厭わん
3695,田を捨て【鍬钁】を擲ち都会に走る
3696,【鞋韈】を履いて各地旅する
3697,麓まで【舁送】する
3698,蓍薪を刈りて吾が【蓍簪】を亡う
3699,草鞋【釘鞋】を作して售る
3700,皐月に生える【柞櫟】
3701,老人【芒鞋】を履す
3702,【鉦鐃】大小甚だ異なる
3703,奸臣に【蹠蹻】に比す悪評を牽強され
3704,半ば【綸巾】を脱し翠籐に臥す
3705,開錠し、【横閂】が抜かれて扉は開く
3706,宅市に近くして、【湫隘】囂塵なり
3707,【陸陸】勉強もしないで試験に臨む
3708,【耆欲】を節して、心気を定む
3709,碧巌に坐して穆穆【撚鬚】す
3710,【呂鉅】たる王は謀を貽さず
3711,秦王【悖然】として怒る
3712,我が都へ【躡蹻】する客人多し
3713,危に瀕して【吁吸】を乱す
3714,温風始めて至り、【蟋蟀】壁に居る
3715,峭寒、膚【皹裂】す
3716,他と著しく【倬詭】した成績
3717,これ【夬夬】たる制詔なり
3718,士夫ら高亢として【軾閭】する
3719,死生【契闊】、子と説を成せり
3720,常に【元亨】利貞の徳に乖らず
3721,全身【惴慄】して跼蹐す
3722,寂寞たる【谿澗】の林
3723,疆域を守らんと【徭戍】は堵列す
3724,これを以て抗弁を【訖了】す
3725,【豈弟】の君子は民の父母なり
3726,臣【雍閼】せられて聞することを得ず
3727,大きな声に阻まれた【韞価】の絵画
3728,荒寥とした【畛畷】が続く
3729,【蚕蔟】を設けて繭を成す
3730,忠諫聞かざれば、【蹲循】して争う勿れ
3731,学問に【摶心】する
3732,夜に響く【擣砧】の音
3733,鋭い【鰭棘】に恐れる
3734,旭【榑桑】より発る
3735,上枝に八本の【鰓耙】がある
3736,草薙してこれを【禽獮】す
3737,床には中国【緞通】が敷かれている
3738,【縕袍】を着ても恥じず
3739,波【浹渫】たり、山崔嵬たり
3740,酒色に【酖溺】する
3741,儒学の【縕奥】見難し
3742,巨大な【耡鎌】を振るう
3743,僻地の【岬岫】に潜む
3744,首相に【訝賓】して公命を行う
3745,謂れのない噂話が世間へ【縒綜】する
3746,蓆に【尻坐】して酒を酌む
3747,短袖【参縒】として整わず
3748,【銚耨】を推引して、以て剣戟に当つ
3749,名声闔国に洋溢して以て【蛮貊】の邦に及ぶ
3750,【圻内】では恭しくする
3751,兄弟多ければ【甥姪】も多し
3752,一同【躄踊】哭泣の場
3753,これを【箱筥】に留めて有事に備える
3754,感激の涙が【泪堂】に溢れる
3755,【贏縢】履蹻、書を負い囊を担い
3756,廟を祭り献酬【酳酢】す
3757,【貲財】を斂めて以て其の行を送る
3758,謹んで【天掟】に遵う
3759,霪雨続き【黶翳】として物見台は佇む
3760,白昼の【畋漁】を生業とす
3761,【婁宿】は二十八宿の一つである
3762,木製の【丫叉】で狙撃する
3763,食料の【醋酸】を造る原料
3764,豊作を祈る【藉田】の儀を執り行う
3765,雲天【闔闢】し、雷霆出でて地に劈く
3766,麗らかな【燠沐】の気
3767,夜な夜な【鍼黹】に励む者達
3768,宗室を【欺詒】し、諸侯の賂を受く
3769,【緊箍児】のようにキリキリと締め付けられる
3770,百口偕に行き、地を【江濆】に避く
3771,蘋蘩【薀藻】の菜
3772,仰視すれば【参昴】耀く
3773,【煬竈】を以て主を貶す
3774,蜂蠆の螫も【躱閃】して唾す
3775,米を齧れば【顳顬】動く
3776,奇偉【俶儻】の画策を好む
3777,【鬮令】、觴を潤わす
3778,香気高い【芫花】の花蕾
3779,背きて【淤淀】を師に打つ
3780,弓道部の【絣紘】を聞く
3781,若くして才能を評価され【虎賁】に任用される
3782,虎は徒に【咥噬】せず
3783,悪霊を退ける【闢邪】の絵画
3784,茲に【苫廬】を造り殯をする
3785,吏民頗る其の【悁急】なるを畏る
3786,一晩【煩懣】懊悩、輾転反側した
3787,【縷綵】、飛燕を成す
3788,【懃懇】として救恤に励む
3789,賀宴の席ではしたなく【抖膝】する
3790,些事で【捫著】を起こす
3791,呼吸は雲と為り、【噫欠】は風と為る
3792,一同【梟盧】の成すに瞠乎たり
3793,松籟を聆き、【楸局】を懐かしむ
3794,【拠軾】して頭を低れる
3795,歔欷流涕して【噫嗚】す
3796,別れに臨んで【殷勤】に重ねて詞を寄す
3797,【萵苣】生菜、これを常とす
3798,長夜【沾湿】しては何に由りてか徹せん
3799,文鏤ありて、【款識】なし
3800,自然の【洵美】たるを貴ぶ
3801,最寄りの【茗肆】で寛ぐ
3802,先師に【舎奠】す
3803,賢母は四人に【兜轎】を担がせる
3804,【偈偈】たる鼓舞に感心する
3805,兵燹は【輦輅】を灰燼に帰す
3806,兵燹降り掛かり宅宇【齎用】失う
3807,伝わりて【衄衊】瞑目を為す
3808,烏貝や蛤は【瓣鰓類】に属する
3809,六頭の【輅馬】を以て六龍と為す
3810,【曰若】に古の帝堯を稽ふ
3811,【悉曇】文字の研究者
3812,【哇咬】に耳を傾けず
3813,野党の【啅噪】にも動じず
3814,【一瓮】の村醪
3815,項王意烏【猝嗟】し、千人皆廃す
3816,【肓兪】を押さえる
3817,螻蛄共の【坏戸】を落とす
3818,若くして詩韻は【贇】たり
3819,家家【釵釧】を売り、ただ春醪を献ずるを待つ
3820,横暴【陂曲】の性を恥とせず
3821,自ら【洒腆】して、致すに酒を以てせん
3822,汽の立つ【餃餌】で饗す
3823,蒙古の民は【鮓荅】を尊ぶ
3824,言を以てこれを【蹂藉】す
3825,市人皆大笑し、手を挙げてこれを【邪揄】す
3826,狐裘【尨茸】たり
3827,【屛幃】を廻らす
3828,【蛇蛇】たる碩言は口より出づ
3829,【鶯囀】に耳を澄ます
3830,凡そ廿の【塒圏】を備える
3831,行く者には必ず【贐送】する
3832,【矜寡】を侮らず、彊禦を畏れず
3833,粗い【釿鍔】の方壺
3834,伉儷、【壎篪】相和すが如く
3835,石碑の台石剝落して【苺苔】を生ず
3836,辰精運に感じ、【昴霊】祥を発す
3837,玩具の【楮鈔】で賺す
3838,【枹鼓】を執り軍門に立つ
3839,帝の子孫は尽く【隆準】の人
3840,濠に【撒星摏】を設けて侵寇を阻む
3841,愛犬の夭逝に【愴矣】として啼泣する
3842,動静【陝輸】して妖姿を為す
3843,その火光を受けたる半面は【殷紅】なり
3844,【繳弋】を放ち離かるを俟つ
3845,【泄泄】たるその羽
3846,匆匆たる【晨粧】の朝
3847,【衵衣】を解き、裸身にて立つ
3848,金襴の【彪蔚】たる文りを見る
3849,【炒米】を除湿剤として用いる
3850,【芸薹】は道教の五辛の一つ
3851,早晨に【運甓】して壮なり
3852,【惇厚】遜譲にして行儀有る者を挙げよ
3853,鄙人の【曷鼻】を嗤う
3854,湖畔に【鯢鰌】泳ぐ
3855,訓の卒するを聞くに至り、【吼号】せざるなし
3856,耳、【淫哇】に務む
3857,盆栽を【揃刈】して整える
3858,【嗄声】ながらも必死に訴える
3859,北方に【橇行】す
3860,【辮髻】が迚も似合う少女
3861,【荀草】赤実、厥の状管の如し
3862,【酒壜】も溢れるほど酒を飲む
3863,病褥の上に【懊儂】煩悶して眠を得ず
3864,【奕楸】を清潔に保つ
3865,【鉅卿】この壮麗を知る
3866,【隋釁】して牲を逆える
3867,黄鍾管の体積は【一龠】である
3868,宴の【藺席】を設ける
3869,邪網を【摑裂】す
3870,種を蒔いて【畬田】を鋤く
3871,【鉗鎚】橐籥（たくやく）、心力を枉ぐ
3872,玉階の【嶢崢】たるを蹈む
3873,心【怦怦】として諒直なり
3874,【褞袍】糟食、盈餘を求めず
3875,その穴に臨みて、【惴惴】とそれ慄く
3876,【嚶唔】の声に耳を傾けず
3877,中枢への路を【隘】する侍
3878,里二百五十八に【渠荅】百二十九なり
3879,草萊荒として【蒙蘢】たり
3880,君侯の華袞【斐炳】として矜厳なり
3881,【赳赳】たる武夫
3882,度重なる土砂崩れで積まれた【碚磊】がある
3883,複数の権官と【掾属】
3884,峰【岑嵒】にして日蔽う
3885,食す際には【饐死】を危懼せよ
3886,夏の土用に【曬書】する
3887,雕鏤せずして、【沂鄂】有らしむるを謂うなり
3888,九山、【栞旅】す
3889,待てど暮らせど【纓繳】せず
3890,禅客に【梔子】
3891,老吏【杉籬】の剪定を怠らず
3892,山に【槎櫱】無し
3893,【桔槔】の声断えず
3894,寝起きで意識が【儚儚】としている
3895,【欹歟】と故郷を惟う
3896,【汕碗】以て漁りする
3897,皓腕を神滸に攘い、【湍瀬】に玄芝を採る
3898,邸第の【娃鬟】に礼する
3899,巽二風起こし、【滕六】雪降らす
3900,何ぞ【籟籥】の気を納れて鳴るに異ならんや
3901,積雪の渙兮たるは地に【泛漲】す
3902,之に【潘沐】を遺り、酒肉を備え
3903,【纔着】仕立ての闕腋袍をいつも着用している
3904,相慕う心は【鰾膠】の如く
3905,【湯熨】快を取る術は誠に短なり
3906,菩薩身に荘厳具の【幢幡】を装飾する
3907,奇抜な【鱏鰉】料理で遇す
3908,古い【茗讌】図録の鈔本
3909,七日間【斉戒】して妖邪の気を祓う
3910,月冴え風凄まじく、【砧杵】悲し
3911,文武至って王位を【纘緒】す
3912,馬車を走らせ街中普く【咨諏】する
3913,鳥の【噁噁】を聞く
3914,【積聚】とは癇癪や胃痙攣を指す
3915,故郷【迢逓】として君門深し
3916,【銛錐】の如く敵陣に穴を穿つ
3917,兜虫の鳩まる【楢櫟】の雑木林
3918,一刻【亨熟】し、而してこれを吟嘯して俟て
3919,【諢名】は狸、されども顔は狸に似ず
3920,国家の危殆に【怕怯】す
3921,家畜を【笞擽】して調教する
3922,憂愁のうちに【諒陰】を迎える
3923,鉦鼓や【纛旛】が並び立つ
3924,喧騒の中、子を求めて【裴回】す
3925,【磚房】の家屋が櫛比する街
3926,【迴飆】の中に揺れる嶼
3927,数名の【隠亡】が武家の門で待つ
3928,南に【樛木】有り
3929,辺り【磽薄】の曠野
3930,中宵白馬を斬り、【盟歃】気すでに麤なり
3931,【属鏤】の剣を賜う
3932,私自身の【越度】だと猛省する
3933,詩美人細意、【熨帖】すること平らかに
3934,事に恪む【阿媽】に志那茶を拵える
3935,屏風に【委虒】が描けるか
3936,築山の下に【栲櫟】の紅葉
3937,高山の深山【柏槙】
3938,棒杙に【歇驕】を繋索す
3939,闃然として幾年、【潭湫】繁茂す
3940,痘痕面な【褊綴】の草医
3941,雛の入る鉄鉢に【褊衫】を被す
3942,荊棘の城市、【蘆薈】の巷
3943,これを嘗みるに【犂然】たる危懼を抱く
3944,禍神に中り【触穢】の者と忌まれる
3945,その文飾を立つるや、【窕冶】に至らず
3946,瞰下に【陂陀】として褶襞在り
3947,卿雲爛たり、【糺縵縵】たり
3948,弊袴を【紉緝】する
3949,花鳥を縫った【綾子】の振袖
3950,鋒鏑を把り、【行縢】を履く
3951,魴鱒を【罩汕】すべし
3952,厭厭【聶聶】として楡莢落つる
3953,【苫蓑】の床にて寤寐の境を逍遥する
3954,鬱はその体に【蘢茸】として叢がる
3955,その英雄はまさに【荀氏】の八竜を出自とする
3956,繡羅の衣裳は【莫春】を照らす
3957,春暁に山に【蒐畋】す
3958,【蓍亀】に見われ、四体に動く
3959,心を勤めて【公姥】を養う
3960,袖珍本を【巾箱】に入る
3961,鼓声は兵どもに【賁育】の勇を授ける
3962,深潭の【澳溟】に至り、洞室の穹崇たる有り
3963,貧は富の許に【蛾傅】する
3964,我見ずして、我が心【苑結】す
3965,懐に護身用の【梲杖】を仕込む
3966,曹を分けて【射覆】すれば蠟灯紅なり
3967,仕事もなく【亡聊】を託つ
3968,【猗儺】たる其の枝
3969,【屭屭】として粉骨砕身する
3970,迚も【兌利】で清潔な包丁
3971,万物【和兌】するが如く
3972,馬は忽ち【躡景】して軽軽しく馳せる
3973,【樗蒲一】なら七里帰っても張れ
3974,幾百という【槧本】を蔵す
3975,歯を嚼みて【刺刺】たる声を作す
3976,翡翠の威蕤（いすい）たるを錯え、玉綏に【繆繞】す
3977,沛公輒ち其の冠を解き、其の中に【溲溺】す
3978,亡き父の愛読書を棺槨に【齎送】する
3979,【膃肭】たる丹田、白皙たり
3980,【簍籔】に身を凭れる
3981,【駆儺】鼓を撃ちて、長笛を吹く
3982,戈を捨て【趣駕】して帰る
3983,【蒲萄】の美酒、夜光の杯
3984,【爰書】して訊鞠論報す
3985,顧みず【拊髀】雀躍して久闊を叙す
3986,出生と同時に【産穢】は発生する
3987,有待の【穢身】を救療せん
3988,国覓（くにまぎ）が酋長に【剽劫】される
3989,すなわち芟し、すなわち【柞】す、それ耕し沢沢
3990,椚林で【柞蚕】を飼育する
3991,【胡盞】は天目茶碗の一つである
3992,【瑇玻盞】は天目茶碗の一つである
3993,敝笱（へいこう）梁に在り、その魚【魴鰥】
3994,絳き【袙頭】を著けて読誦す
3995,白膠木や【権萃】を護摩木として焼べる
3996,永訣の淵を瞻て【隕泗】す
3997,生民を荼毒し、万里【朱殷】たり
3998,天を仰いで【長吁】する
3999,【頡滑】にして実有り
4000,【雍也】論語
4001,羲和の下、下下【亟行】す
4002,【楠榴】の木、相思の樹
4003,飲食を覓めて坊門に【僵仆】す
4004,【午后】に参入し須臾にして退出した
4005,大牢を饋し、【縵楽】を以て餞す
4006,【優諢】を愛し、寝食常に側に在り
4007,火山中に【槎牙】詰屈たる岩石あり
4008,妖星煌煌として【暝天】を破る
4009,寵児の声援を受けて生気の【汪溢】を感じる
4010,老驥【棚桟】に伏す
4011,敵軍の【糧糒】を攻めて憔痩たらしめる
4012,農耕をして【粢盛】を供給する
4013,政略の宏謨、【殿廡】の上に成る
4014,凄麗の【宮娃】に謁える
4015,金烏は【蚤莫】に興替す
4016,車窓より【鉅偉】たる堰堤を見る
4017,【牟槊】を杖（と）り青瑣に立つ
4018,【篁篠】は風を懐き、葡萄を陰を結ぶ
4019,勢家【咆烋】として方命す
4020,火にかけた鉄鉢の【磚茶】が煮える
4021,遍く【磚石】を敷き、歩行道車馬道と分かつ
4022,【枸木】は必ず将に隠括烝矯を待たんとす
4023,南は燠暑虫虫たり、北は【寒沍】栗烈たり
4024,彼の美なる淑姫、与に【晤語】す可し
4025,茶肆名物の【薯蕷羹】を頂く
4026,老鼠【生薑】を咬む
4027,大宗匠は溘然として【属纊】に就いた
4028,客気を扣制して【鉗梏】せんとす
4029,爨炊【澣洒】の労を取りて幺艾を養う
4030,紫紺の【佩幃】を懐中する
4031,皆黄巾を著け、所在【燔劫】す
4032,【畦蔬】茅屋を繞る
4033,断斬して之を【竿杪】に懸く
4034,天の方に懠（いか）る、【夸毘】を為す無かれ
4035,【溥天】の下、王土に非ざる莫し
4036,周囲の援助を【妨礙】する
4037,刀刃【鎬鎬】鑠鑠として華やかに
4038,力足、【蹈鞴】を踏む
4039,【弌竿】の風月、南湖に老ゆ
4040,これを羨み、これを【抓取】せんとしてやまざる
4041,室原川に【魴鱧】在り
4042,【鱧腸】とはタカサブロウのことである
4043,【粳稲】熟すること苦だ遅し
4044,端午の【筒粽】を食す
4045,歴史【檔案】を収蔵する
4046,害虫に強い木と【椄木】する
4047,提灯を【樹椏】に懸く
4048,【雖然】それは明らかな責任転嫁である
4049,粘り気のある【糯粟】
4050,皇后の下に【抵掌】して言う
4051,【暹羅】はタイ王国の旧称
4052,南西の島嶼に【鴾母】が分布している
4053,プイ族を【狆苗】と言う
4054,一名龍【檐子】、舁くに二竿を以てす
4055,濡需なる者居れば、【巻婁】なる者普く居る
4056,【部婁】には松柏無し
4057,束の間の【愒息】を設ける
4058,【慊志】をもって苦境を越えた
4059,よもすがら【棋】を打ち久闊を叙する
4060,木を伐りて【許許】たり
4061,王師【騨騨】として、誅を大宛に致す
4062,釈迦も三度謗れば【孛如】たり
4063,【蒟醬】とはキンマのこと
4064,嵌巉たる山道を越え、【谺然】たる幽谷を見ゆ
4065,死生の境を【旁皇】する
4066,婦女は【施髢】し、縹綾の衣を着る
4067,懲りず【拗強】に見栄を張る
4068,摧枯【拉朽】、顧慮することあらず
4069,【楞厳】経を読む
4070,勇壮【髷髻】の士
4071,辺地の【挈令】に従う
4072,【髻堆】面赭は華風に非ず
4073,帝、【弍儀】を合わす
4074,争犬の【吽牙】を当路に聞く
4075,【倚魁】として僵尸墟に満つ
4076,【倅然】と姿を消した
4077,【酢漿】から蓚酸（しゅうさん）を採る
4078,籠鳥、忻忻として空へ【亶翔】す
4079,故らに【哈哈】として笑う
4080,烏集の路【啅啅】と鳴り
4081,輣をもって【橦城】す
4082,死臭衍り【噦嘔】を堪える
4083,運命の苛烈さに【吸嚊】する
4084,ここに嘗て【鮭鱒】の孵化場があった
4085,【斬衰】は五服の一
4086,瀛海を震わす【鰮鯨】の回遊
4087,お庭に【棕竹】を栽培する
4088,大命【隕隊】して、良に絶世せり
4089,有衆皆【壱是】に身を修めよ
4090,秦世の【亟絶】する所以の者は、其の轍迹見るべし
4091,野雁と【幵零】が優游として交錯する
4092,全書を取り【杷梳】して剔抉する
4093,【橦末】の伎をもって藹藹たり
4094,【蓼莪】の詩
4095,楊柳と【枸梛】
4096,蔦が【濔漫】した古家
4097,未踏の【岔口】に標を遺す
4098,【啻啻】磕磕の為政者
4099,陳皮も知らぬとは【艸医】に抵たる
4100,我が籬下より野良犬の【猩猩】を聞く
4101,丘のごとく牡蠣【竹蟶】馬鹿貝が堆積する
4102,梁上の【巨蠎】、眈眈として我を射る
4103,既に【禰祖】を去り、これ懐いこれ顧みる
4104,冒頓【単于】の勢力は強大なり
4105,磐座に【跛倚】する愚か者
4106,【荼枳尼】の法
4107,【湯湯】として洪水、あまねく損なう
4108,【恂目】の刹那にその鳥は羽搏いた
4109,清新【跋剌】たる籠の中
4110,大統領の【届満】に伴い実施された選挙
4111,【謗法】の罪を犯す
4112,【枳首蛇】睥むは爾の吭
4113,【禺彊】は北海の海神とされる
4114,神社の大木が【頓仆】する
4115,【烏瑟膩沙】、智慧深く
4116,【跳踉】して僮僕を趁う
4117,【桑椹】で酒を作る
4118,【那謨】と拝み奉る
4119,【撥鏤】細工の煙管を贈る
4120,陽紆の山に【鶩行】す
4121,兄弟知らず、【咥】としてそれ笑う
4122,蜘蛛の巣に【捉搦】されたかのよう
4123,栄養の貯えた【臍囊】
4124,山林にて【熊臑】を採取する
4125,常に【譚笑】を以て諷諫す
4126,鍋肉の【臑若】を待つ
4127,真言宗の大【譚林】
4128,【遶仏】にて右遶三匝する
4129,【又隠】の茶室にて茶道を嗜む
4130,蟋蟀のことを【趨織】とも謂う
4131,恭敬慈愛、言語【嘔嘔】たり
4132,五世は【袒免】し、六世にて親族竭く
4133,楚楚たる肢体は良く【稠適】し
4134,罪人を撻ち【摺脇】す
4135,隰に【銚弋】有り、猗儺なるその枝
4136,堂の東北に【亨】す
4137,【拿翁】の侵略に遭いて国亡ぶ
4138,之れに命けて【掫囊】と曰ふと
4139,互いの【椎結】を握り合い喧嘩する
4140,合図と共に【躇階】して走る
4141,【従頌】として神を謳歌する
4142,至って危うきを致すは、【累碁】これなり
4143,威の徳と交わること【繆纏】の若く
4144,伏して【昭繆】を案ずる
4145,獄にて自ら【繆死】す
4146,【扱袵】して鍾山藍田の上に登る
4147,左右【谷蠡】王は最も大国を為し
4148,意を失して【醋意】を抱く
4149,【沾沾】として自ら喜ぶのみ
4150,二年、市に【予賈】せず
4151,奇なる【卍果】が生る
4152,気持ちの整理がつかぬまま【做七】を迎える
4153,大師に【錯質】して敬う
4154,脈の大なるものは、尺の皮膚また【賁】して起こる
4155,糜を【鬻】し糊口を凌ぐ
4156,敵機を【徼撃】する
4157,荒荒しい【賁鼓】の音
4158,【狠愎】して府を訟える
4159,愛らしく【啣指】して止まない
4160,【烏芻沙摩】明王は炎の神とされる
4161,天下万民漸く【矜式】する所を知る
4162,仁心を持ち【竺摯】にして人に接す
4163,証憑有れば【塙覈】たる言葉となる
4164,その中に【鮨魚】多し
4165,町人【齪齪】として工商に励む
4166,苗裔【茲茲】として、土を有つ者乏しからず
4167,俚しい【屮茅】より出でる奇傑
4168,【屮蹻】を沓箱に納る
4169,灰湯で煮て【涎滑】を取り去る
4170,嘗ての山林地帯を【焼畬】してできた畑
4171,稚魚を掬う【数罟】の漁は海を腐らす
4172,鹿の子草を【纈草】とも言う
4173,落葉の【淹数】に感慨す
4174,食【饐】して餲（あい）す
4175,垂轡【濔濔】たり
4176,人の気を稟くこと、【醇壱】なる能わず
4177,往往にして【辟人】して静を求む
4178,埠頭は当時「【碼頭】」とも称した
4179,廟堂に【粢醍】有り
4180,霤滴る音【汎𣶏】たり
4181,智識寺には大きい【廬舎那仏】がある
4182,軍に輜重無ければ【委積】も無し、則ち亡びの道なり
4183,奇術の【怎様】を訊く
4184,その藩主は宝永七年に【卒】す
4185,紙幣を【撕破】す
4186,【蚕蛆】を駆る
4187,風雲に【嘯咤】して働きかける
4188,自らを咎めんと【怎生】と言う
4189,首夏、【苓耳】咲む
4190,【薛家】の盤石
4191,蒸豚【臑羔】の食
4192,車窓に地楡と【芭茅】の穂を見る
4193,笑うも【矧】するに至らず、怒るも罵るに至らず
4194,その短褐穿結の者は【袙腹】を服す
4195,亦步【亦趨】
4196,四瀆を【撃汰】して杭る
4197,四牡騑騑（ひひ）たり、周道【倭遅】たり
4198,手臂衰えて【倩人】尺牘を作る
4199,雄勁たる【捺筆】を歎美する
4200,多事多端の【憂懣】に勝えず
